,year,ch4_emissions_tg,n2o_emissions_tg,c_emissions_pg,co2_concentration_ppm,ch4_concentration_ppb,n2o_concentration_ppb,co2_forcing_wm2,ch4_forcing_wm2,n2o_forcing_wm2,total_forcing_wm2
0,1765,0.0,0.0,0.003,278.05158,721.89411,272.95961,0.0,0.0,0.0,0.0
1,1766,1.9632618999999998,0.008155750770989505,0.008338296299999999,278.10615,722.2557,272.97121,0.011049082,0.00357577,0.0007386611999999999,0.016318812
2,1767,2.4364481,0.015894598792353824,0.013676593,278.22039,722.97082,272.99419,0.023246047000000002,0.007360738,0.0015163651,0.033547871
3,1768,2.911105,0.023633857658278006,0.019014888999999997,278.34305,723.66792,273.01678,0.025605215,0.0077731271999999995,0.0015938079000000001,0.03516955
4,1769,3.3872782,0.03137354072317413,0.024353185,278.47058,724.34313,273.03902999999997,0.028057033,0.0081723731,0.0016700562,0.036621026
5,1770,3.8650146,0.03911366055590062,0.029691482,278.60047000000003,724.9952599999999,273.06096,0.03055287,0.008557785699999999,0.0017452284,0.038122043
6,1771,4.3443625,0.04685423286753052,0.0360297779,278.73275,725.62885,273.08257000000003,0.033093627,0.008932072,0.0018193126999999998,0.039303677999999995
7,1772,4.8253718,0.054595268655814946,0.0413680739,278.86881,726.24956,273.10386,0.035705793,0.0092985859,0.0018922835,0.040576622
8,1773,5.308093799999999,0.06233678520293425,0.046706370899999995,279.00907,726.85863,273.12486,0.038397133,0.0096580629,0.0019642573999999998,0.042338505
9,1774,5.7925816,0.07007879350663954,0.0520446669,279.15317999999996,727.45484,273.14563,0.041160901,0.010009802,0.0020354403,0.044211575999999995
10,1775,6.278889599999999,0.07782131242021846,0.0573829629,279.3018,728.0369900000001,273.16621000000004,0.044009648,0.010353103,0.0021059778,0.046207954
11,1776,6.7670743,0.08556435765474406,0.06272125890000001,279.4568,728.60387,273.1866,0.046979223,0.010687266,0.0021758477,0.04836247
12,1777,7.2571937,0.09330794177907474,0.06805955589999999,279.61807999999996,729.1542900000001,273.20677,0.050067292,0.011011591000000001,0.0022449851,0.050671443
13,1778,7.7493076,0.10105208521760549,0.07339785189999999,279.78192,729.6870299999999,273.22676,0.053202569000000005,0.011325381,0.0023135030999999998,0.053062222
14,1779,8.2434776,0.10879680368140929,0.0787361479,279.9432,730.2009,273.24665,0.05628708,0.011627938,0.0023816295000000003,0.055435443
15,1780,8.7397674,0.11654211602377383,0.08407444489999999,280.0974,730.6922,273.26646,0.059234532,0.011917108000000001,0.0024495291000000002,0.057700993
16,1781,9.2382426,0.12428803952687943,0.0904127409,280.2428,731.1541,273.2862,0.06201229,0.012188879,0.002517176,0.059382599
17,1782,9.738970599999998,0.13203459304401371,0.09575103689999999,280.38167999999996,731.58425,273.30585,0.064664134,0.012441892,0.0025844863,0.060955722000000004
18,1783,10.242021000000001,0.13978179542846433,0.1010893339,280.51832,731.98888,273.32543,0.067271913,0.012679821,0.002651563,0.06294422400000001
19,1784,10.747466000000001,0.14752966867573356,0.1064276299,280.6572,732.37758,273.345,0.069921132,0.01290832,0.0027186355,0.065007475
20,1785,11.25538,0.1552782332102163,0.11176592989999999,280.8026,732.75995,273.36463,0.072693308,0.013133038,0.0027858871000000004,0.067235093
21,1786,11.765839,0.16302750474298566,0.1171042199,280.9568,733.1455900000001,273.38432,0.075631696,0.013359615,0.0028533161,0.069678227
22,1787,12.278921,0.17077752569393875,0.12244251989999999,281.11807999999996,733.5441,273.40402,0.078703283,0.013593686,0.0029208283,0.072311665
23,1788,12.794707,0.1785282850653245,0.1277808199,281.28192,733.96508,273.42377999999997,0.081821836,0.013840881000000001,0.0029884956,0.07505713
24,1789,13.313282000000001,0.18627982999036197,0.1331191099,281.4432,734.41811,273.44363,0.08488990199999999,0.01410682,0.00305652,0.077825245
25,1790,13.834732,0.19403217618012422,0.1384574099,281.5982,734.91094,273.46365,0.087836927,0.014396016000000001,0.0031250695,0.080551774
26,1791,14.359145000000002,0.20178535505675735,0.1447956999,281.74682,735.44542,273.48382000000004,0.09066098199999999,0.014709547,0.0031941523999999997,0.082788937
27,1792,14.886613,0.20953939804240737,0.1501339999,281.89092999999997,736.01824,273.50412,0.09339792,0.015045435,0.0032636832,0.085015058
28,1793,15.417231,0.21729432084814737,0.1554722999,282.03119,736.6256599999999,273.52457000000004,0.096060423,0.015401463999999998,0.0033337284000000003,0.087685339
29,1794,15.951096,0.22505013918505035,0.1608105899,282.16725,737.26478,273.54523,0.098642066,0.015775908999999998,0.0034044868,0.09034361
30,1795,16.488308,0.23280690018633537,0.16614888989999999,282.29901,737.9327099999999,273.56615,0.1011408,0.016167048,0.0034761277,0.09298445400000001
31,1796,17.028971,0.24056461956307562,0.1714871899,282.4268,738.62653,273.58733,0.10356312,0.016573161,0.0035486751000000003,0.09561085400000001
32,1797,17.573192000000002,0.24832334444849005,0.1778254799,282.55093,739.34336,273.60876,0.10591503,0.016992531,0.0036220603000000004,0.09777923
33,1798,18.121081,0.25608309055365175,0.1831637799,282.67123,740.08028,273.63046,0.10819345,0.017423441,0.0036963482,0.09992943800000001
34,1799,18.672751,0.26384390501177984,0.18850206989999999,282.7873,740.83442,273.65247,0.11039084,0.017864181,0.0037717255,0.10249673
35,1800,19.228319,0.2716058035339473,0.1948403699,282.89901000000003,741.6080900000001,273.67485,0.11250486,0.018316097,0.0038483613,0.10458936
36,1801,19.787906,0.2793688175423003,0.2001786699,283.00677,742.41328,273.69762000000003,0.11454316,0.018786166,0.0039263122,0.10667018
37,1802,20.351635,0.28713299417005783,0.2075169599,283.11093,743.25995,273.72076,0.11651278,0.019280163,0.0040055436,0.10831278
38,1803,20.919635999999997,0.29489838055043904,0.2118552599,283.21128999999996,744.14594,273.74429,0.1184099,0.01979679,0.0040861033,0.11039539
39,1804,21.49204,0.302664976683444,0.2171935599,283.30737,745.06346,273.76825,0.12022542,0.020331467,0.0041681213,0.11334439
40,1805,22.068984,0.3104328611244378,0.2225318499,283.39963,746.00472,273.79267000000004,0.1219681,0.020879622,0.0042517223,0.11583097
41,1806,22.650607,0.31820204958449344,0.2288701498,283.48978,746.96192,273.81757999999996,0.1236704,0.021436693,0.0043369745,0.11788262
42,1807,23.237054999999998,0.32597258919683014,0.2342084499,283.57796,747.9272599999999,273.84297000000004,0.12533497,0.021998131,0.0044238931,0.11993518
43,1808,23.828476000000002,0.33374451138359396,0.2395467399,283.66116,748.89296,273.86887,0.12690511,0.0225594,0.004512525900000001,0.12236436
44,1809,24.425025,0.34151787898907693,0.2448850399,283.73511,749.85122,273.89529,0.12830042,0.023115973999999997,0.0046029563,0.12464114
45,1810,25.02686,0.3492927234354251,0.2502233299,283.79676,750.79817,273.92226,0.12946317,0.02366562,0.0046952698,0.12670368
46,1811,25.634145,0.3570690918558578,0.25656163,283.84667,751.73895,273.94981,0.1304044,0.024211326000000002,0.0047895395,0.1281316
47,1812,26.247048,0.3648470156725209,0.26189993,283.88853,752.68156,273.97794,0.13119381,0.024757736000000002,0.0048858199,0.12943757
48,1813,26.865743,0.37262658915185265,0.26723822,283.92613,753.62843,274.00667999999996,0.13190268,0.025306263,0.004984169,0.13112989
49,1814,27.490408000000002,0.38040781229385306,0.27257652,283.96267,754.57866,274.03605,0.13259134,0.025856373,0.0050846531,0.13283102
50,1815,28.121229999999997,0.3881907636538873,0.27891482,284.00107,755.53133,274.06606,0.13331508,0.026407535,0.0051873419,0.1341638
51,1816,28.758398,0.3959754903651746,0.28525311000000003,284.04267000000004,756.4855200000001,274.09675,0.13409903,0.026959216,0.0052923292,0.13515444
52,1817,29.402108000000002,0.4037620552720068,0.29159141,284.08612999999997,757.44032,274.12813,0.13491805,0.02751089,0.0053997139,0.13620993
53,1818,30.052563,0.4115504897965303,0.2969297,284.12852999999996,758.39482,274.16024,0.13571684,0.028062026,0.005509545,0.13770056
54,1819,30.709971000000003,0.4193408882051831,0.30226800000000004,284.16667,759.3480900000001,274.19306,0.13643515,0.0286121,0.0056218273999999995,0.13956212
55,1820,31.374547999999997,0.4271332819201114,0.3076063,284.1982,760.2995400000001,274.22661,0.13702906,0.029160764,0.0057365707,0.14132005
56,1821,32.046514,0.4349277494966802,0.31294459,284.22333,761.24938,274.2609,0.13750239,0.029708138999999998,0.005853844699999999,0.14297777
57,1822,32.7261,0.4427243380681088,0.31928289,284.24427000000003,762.19831,274.29596000000004,0.13789659,0.03025464,0.0059737703,0.14415504
58,1823,33.413539,0.45052312618976226,0.32562119,284.26307,763.14684,274.33182999999997,0.13825059,0.03080056,0.0060964274,0.14489353
59,1824,34.109076,0.4583241924170058,0.33095948000000003,284.28132999999997,764.09528,274.3685,0.13859452,0.031346071,0.0062218358,0.14606649
60,1825,34.81296,0.46612758388305847,0.33729778,284.30027,765.04391,274.40598,0.13895098,0.031891344,0.0063500071,0.14727597
61,1826,35.52545,0.4739333791432855,0.34263608,284.32,765.9930400000001,274.4443,0.13932247,0.032436553,0.0064810295,0.14852136
62,1827,36.246813,0.4817416724641251,0.34897437000000003,284.34,766.94296,274.48351,0.13969896,0.032981868,0.006615054499999999,0.14979547
63,1828,36.977321,0.4895525109787963,0.35431267,284.36,767.8939799999999,274.52361,0.14007543,0.033527461,0.0067521517,0.15109002
64,1829,37.717259000000006,0.4973659889537374,0.35965096,284.38,768.84639,274.56461,0.14045187,0.034073501,0.0068923066,0.15281897
65,1830,38.466916999999995,0.5051822006553867,0.37098926000000004,284.4,769.79844,274.6065,0.14082828,0.03461898,0.0070354912,0.15210916
66,1831,39.226597,0.5130011932169629,0.37532756,284.385,770.74504,274.64929,0.14054596,0.035160992,0.0071817663,0.15116837
67,1832,39.996609,0.5208230923270508,0.38066585000000003,284.28,771.68313,274.69305,0.1385692,0.035697793,0.0073312986,0.15100437
68,1833,40.777271,0.5286479765410153,0.38700415000000005,284.125,772.61538,274.73779,0.1356501,0.036230918,0.0074841899,0.14909562
69,1834,41.568914,0.5364759244142214,0.39234245,283.975,773.54693,274.78351000000004,0.13282363,0.036763305,0.0076404359,0.14729543
70,1835,42.371876,0.5443070302131078,0.39868074000000003,283.825,774.4829,274.83022,0.12999566,0.037297888,0.0078000136,0.14551703
71,1836,43.186509,0.5521414039151853,0.40801904,283.675,775.4284299999999,274.87793,0.1271662,0.037837589,0.0079630057,0.14216652
72,1837,44.013172999999995,0.5599791554979653,0.41335733,283.525,776.38866,274.92669,0.12433524,0.038385326000000004,0.008129601,0.13924995
73,1838,44.85224,0.5678203792278861,0.41969563,283.425,777.36871,274.97655,0.12244727,0.038944009,0.0082998959,0.13851328
74,1839,45.704093,0.5756651693713858,0.42603393,283.4,778.37371,275.02747999999997,0.12197515,0.039516538999999996,0.00847385,0.13883572
75,1840,46.569129,0.5835136516170486,0.433372219,283.4,779.4118,275.07966,0.12197515,0.040107512000000005,0.0086520599,0.13928818
76,1841,47.447755,0.591365935942386,0.439710519,283.425,780.49406,275.13642000000004,0.12244727,0.040723197,0.0088458879,0.14028413
77,1842,48.34039,0.5992221323249091,0.447048819,283.5,781.62403,275.2022,0.12386337,0.041365551,0.0090704751,0.14231716
78,1843,49.247469,0.607082382164275,0.453387109,283.6,782.79322,275.27313,0.12575101,0.042029695,0.0093126513,0.14488968
79,1844,50.169439000000004,0.6149467954379952,0.46072540900000003,283.725,783.98863,275.3371,0.12810952,0.042708200999999994,0.0095310316,0.14795179
80,1845,51.106759000000004,0.6228154978346542,0.470063709,283.9,785.1972599999999,275.38045,0.13140969,0.043393667999999996,0.0096789698,0.15076993
81,1846,52.059903999999996,0.6306886307539088,0.475401999,284.075,786.40611,275.3984,0.13470811,0.044078717,0.0097402609,0.15428176
82,1847,53.029365000000006,0.6385663355954166,0.48374029900000004,284.225,787.6021900000001,275.4013,0.13753359,0.044755990999999995,0.009750133000000001,0.15766331
83,1848,54.015643999999995,0.6464487380477618,0.490078589,284.4,788.7725,275.40079,0.14082795,0.045418158,0.0097484095,0.1611151
84,1849,55.019264,0.6543359952216748,0.49841688900000003,284.575,789.90404,275.40032,0.14412058,0.046057905,0.0097467883,0.1645557
85,1850,56.040758999999994,0.6622282485168131,0.5077551889999999,284.725,790.97924,275.42506000000003,0.14694109,0.046665367,0.0098312359,0.16657464
86,1851,56.46131999999999,0.6714927697751124,0.500785689,284.875,792.25,275.5,0.14976013,0.047382693,0.010086972,0.17057924
87,1852,56.88188,0.7300316937267082,0.555622819,285.0,793.75,275.6,0.15210829,0.048228722,0.010428179000000001,0.16829106
88,1853,57.302441,0.7302100929610195,0.556354489,285.125,795.25,275.7,0.15445521,0.049073923,0.010769323,0.16501087
89,1854,57.723001000000004,0.7296795300246305,0.564817079,285.275,796.75,275.8,0.15727029,0.049918297,0.011110403999999999,0.16649638
90,1855,58.143562,0.727861161853716,0.564679249,285.425,798.0,275.9,0.16008389,0.050621369000000006,0.011451422,0.16791993
91,1856,58.564122,0.7341676337031484,0.5749348790000001,285.575,799.25,276.0,0.162896,0.051323757000000005,0.011792377,0.17031765
92,1857,58.984683,0.7404070506928678,0.581231999,285.725,800.75,276.1,0.16570665,0.052165939,0.01213327,0.17239154
93,1858,59.405243000000006,0.7463249719950739,0.5872329789999999,285.9,802.25,276.2,0.16898372,0.053007304000000005,0.0124741,0.17630173
94,1859,59.825804000000005,0.7521931834621974,0.597253889,286.075,803.75,276.3,0.17225908,0.053847854,0.012814868,0.17892086
95,1860,60.246364,0.7581798092867852,0.609966889,286.225,805.25,276.4,0.17506481,0.05468759,0.013155571999999999,0.17462193
96,1861,59.614468,0.7934009556607411,0.623223598,286.375,806.75,276.5,0.17786907,0.055526516,0.013496215,0.16592148
97,1862,58.982572999999995,0.7401687765592204,0.570716628,286.5,808.25,276.6,0.18020493,0.056364634000000004,0.013836794,0.17215539
98,1863,58.350677000000005,0.7454108389216106,0.57774912,286.625,809.75,276.7,0.18253957,0.057201946,0.014177311000000001,0.18223288
99,1864,57.71878100000001,0.7507662095427287,0.58613825,286.775,811.25,276.8,0.18533992,0.058038453,0.014517766000000001,0.18435681
100,1865,57.086884999999995,0.7564090770893125,0.59379536,286.9,813.0,276.9,0.18767253,0.059013289000000003,0.014858158,0.18467733
101,1866,56.45499,0.7607372891775541,0.59691218,287.0,814.75,277.0,0.1895378,0.059987192,0.015198487,0.18020371
102,1867,55.823094,0.7615524267798244,0.60360622,287.1,816.25,277.1,0.19140242,0.060821037,0.015538753999999998,0.17512323
103,1868,55.191198,0.763484668808096,0.6072347,287.225,817.75,277.2,0.19373219,0.061654089,0.015878958999999998,0.17626413
104,1869,54.559303,0.7649117369940029,0.61276645,287.375,819.25,277.3,0.19652669,0.062486348,0.016219102,0.18232298
105,1870,53.927406999999995,0.7662974536356822,0.6166445,287.525,821.0,277.375,0.19931973,0.063456243,0.016474173,0.18700396
106,1871,56.683868999999994,0.9191233501692012,0.64366524,287.7,822.75,277.425,0.2025763,0.06442522,0.016644198,0.18212782
107,1872,59.44033100000001,1.0475197850192761,0.7403334,287.9,824.25,277.5,0.20629582,0.065254856,0.0168992,0.16392822
108,1873,62.19679300000001,1.094073186973656,0.76129965,288.125,825.75,277.6,0.21047702,0.06608371,0.017239155,0.14990102
109,1874,64.953255,1.1135227726815164,0.75771154,288.4,827.25,277.7,0.21558294,0.066911783,0.017579049,0.15249886
110,1875,67.709717,1.131736808183765,0.77842647,288.7,829.0,277.775,0.22114773,0.067876811,0.017833934,0.15924699
111,1876,70.46618000000001,1.1708573171964018,0.78787801,289.025,830.75,277.825,0.22716948,0.068840934,0.018003834,0.16710546
112,1877,73.22264200000001,1.1882786819308202,0.79713853,289.4,832.25,277.9,0.23410923,0.06966642299999999,0.018258649,0.17965835
113,1878,75.979104,1.2035403082994216,0.8050507,289.8,833.75,278.0,0.24150205,0.070491141,0.018598356,0.19053248
114,1879,78.735566,1.2174686144549154,0.82534752,290.225,835.25,278.1,0.24934541,0.07131509,0.018938001,0.19585594
115,1880,81.492028,1.231938685541872,0.8572431699999999,290.7,837.0,278.2,0.25809794,0.072275322,0.019277584,0.1937272
116,1881,84.359461,1.275076877284215,0.89187292,291.2,839.0,278.3,0.26729609,0.073371541,0.019617105,0.19571685
117,1882,87.226893,1.2337282553159135,0.86066403,291.675,841.0,278.4,0.27602009,0.074466406,0.019956564,0.20764228
118,1883,90.094326,1.2451906300032125,0.88051762,292.125,843.0,278.5,0.28427149,0.075559923,0.020295961,0.21710044
119,1884,92.96175799999999,1.254922744217177,0.88712775,292.575,844.75,278.6,0.29251018,0.076515721,0.020635296,0.2249431
120,1885,95.82919100000001,1.2640089762186764,0.8922361,292.975,846.25,278.7,0.29982345,0.077334097,0.02097457,0.23566528
121,1886,98.696624,1.2980388147686872,0.89814412,293.3,848.0,278.8,0.30575788,0.07828784700000001,0.021313781,0.24440116
122,1887,101.56406,1.3074699519565216,0.91116314,293.575,850.0,278.875,0.31077419,0.079376682,0.021568155,0.24843665
123,1888,104.43149,1.3151081257785393,0.94173355,293.8,852.0,278.925,0.31487495,0.08046419,0.021737713999999998,0.24494393
124,1889,107.29892,1.3219923252056114,0.94020019,294.0,854.0,279.0,0.31851727,0.081550376,0.021992018999999998,0.24603871
125,1890,110.16635,1.328411256915828,0.96775411,294.175,856.0,279.1,0.32170241,0.082635245,0.022331045,0.24842658
126,1891,111.52362,1.3369835482962091,0.9822485400000001,294.325,858.25,279.2,0.32443091,0.083854061,0.022670008999999998,0.24600666
127,1892,112.88089,1.3470987770261298,0.99719118,294.475,860.75,279.3,0.32715801,0.08520646400000001,0.023008912000000003,0.24573889
128,1893,114.23816000000001,1.3586279866181195,0.9944033000000001,294.6,863.0,279.375,0.32942964,0.08642197800000001,0.023263055,0.24612343
129,1894,115.59543000000001,1.371490060802099,1.02336718,294.7,865.0,279.425,0.33124617,0.087500976,0.02343246,0.24555958
130,1895,116.9527,1.3855311724619834,1.0504185000000001,294.8,867.25,279.475,0.33306208,0.088713214,0.02360185,0.24343987
131,1896,118.30996999999999,1.4005133616855858,1.06527839,294.9,869.75,279.525,0.33487737,0.09005833699999999,0.023771224,0.24397357
132,1897,119.66723999999999,1.4161985900053544,1.08956411,295.025,872.0,279.6,0.33714553,0.091267325,0.024025251,0.24709122
133,1898,121.02451,1.4323488503758834,1.11600097,295.225,874.25,279.675,0.34077243,0.092474518,0.024279255,0.25077282
134,1899,122.38178,1.4487261357517671,1.1592044499999998,295.5,876.75,279.725,0.34575562,0.093814058,0.024448567999999997,0.25418154
135,1900,123.73905,1.465092439087599,1.18720627,295.8,879.5,279.8,0.35118677,0.09528515900000001,0.024702502999999997,0.25791651
136,1901,124.8415,1.4841730659563075,1.25494317,296.125,883.0,279.9,0.35706406,0.09715389199999999,0.025041036000000003,0.25973949
137,1902,125.94396,1.5081540550599701,1.26897363,296.475,887.0,280.0,0.36338651,0.09928520800000001,0.025379508,0.26166118
138,1903,127.04642,1.535988467624759,1.34367095,296.825,891.25,280.1,0.36970149,0.10154412,0.025717919,0.26349998
139,1904,128.14887,1.5667538279974298,1.37229323,297.2,895.75,280.2,0.37645901,0.10393001,0.026056267999999997,0.26587735
140,1905,129.25133,1.599590379128293,1.4328151999999998,297.625,900.25,280.3,0.38410722,0.1063097,0.026394556,0.27030438
141,1906,130.35378,1.633545150171343,1.50353383,298.075,904.75,280.4,0.39219378,0.10868323,0.026732783,0.27307219
142,1907,131.45623999999998,1.6676653588134507,1.5877627300000001,298.5,909.25,280.525,0.3998202,0.11105066,0.027155471,0.27553747
143,1908,132.5587,1.700997971364318,1.56141277,298.9,914.0,280.675,0.4069878,0.11354286,0.027662581000000002,0.28523707
144,1909,133.66115,1.7325902683551082,1.60237806,299.3,919.0,280.825,0.41414581,0.11615918,0.028169554,0.29769283
145,1910,134.76361,1.7614893732062542,1.6409816799999999,299.7,923.75,280.975,0.42129426,0.11863804,0.028676389,0.30438406
146,1911,135.96943000000002,1.789447541893339,1.61489404,300.075,928.25,281.125,0.42798755,0.12098018,0.029183087000000003,0.31434485
147,1912,137.17525,1.81865034178625,1.62684843,300.425,933.0,281.3,0.43422682,0.1234459,0.029774047999999997,0.32784531
148,1913,138.38107,1.8487948633968732,1.66597976,300.775,938.25,281.475,0.44045882,0.12616363,0.030364848,0.33847319
149,1914,139.5869,1.879454551092311,1.56479151,301.1,943.75,281.625,0.44623943,0.12900253,0.030871088999999997,0.3514688
150,1915,140.79272,1.9102218596380383,1.54374963,301.4,949.25,281.8,0.45156962,0.13183288,0.031461517,0.36578181
151,1916,141.99854,1.9408229450310557,1.60911647,301.725,954.75,282.0,0.45733777,0.13465476,0.032136078,0.3740792
152,1917,143.20436,1.9709839632683661,1.66619629,302.075,960.25,282.225,0.46354294,0.13746822,0.032894652999999996,0.38058034
153,1918,144.41019,2.0004309132362392,1.65030426,302.4,966.0,282.475,0.46929869,0.14040048,0.033737172,0.38910164
154,1919,145.61601000000002,2.028890108042407,1.52565434,302.7,972.0,282.7,0.47460598,0.14345081,0.034495133,0.40323186
155,1920,146.82183,2.0560875465731416,1.65328337,303.025,977.75,282.925,0.48034937,0.1463651,0.035252753,0.41402184
156,1921,147.86155,2.082962122553009,1.5604166,303.4,983.25,283.175,0.48696871,0.14914421,0.036094213,0.425861
157,1922,148.90128,2.110429163097023,1.59294089,303.775,989.0,283.4,0.49358042,0.15204086,0.036851222,0.43931982
158,1923,149.941,2.1381804169522383,1.72328818,304.125,995.0,283.6,0.49974374,0.15505438,0.037523848,0.43874124
159,1924,150.98072,2.167530115378025,1.7198605800000002,304.525,1001.0,283.8,0.50677828,0.15805851,0.038196232000000004,0.44144694
160,1925,152.02045,2.1993890292782177,1.73308854,304.975,1007.0,284.0,0.51468174,0.16105333,0.038868376,0.45307756
161,1926,153.06017,2.232843402645106,1.74448326,305.4,1013.0,284.225,0.52213573,0.16403893,0.039624234,0.4637363
162,1927,154.09989,2.266979636581709,1.85918283,305.825,1019.0,284.45,0.52957874,0.1670154,0.040379821,0.47066961
163,1928,155.13962,2.3008838179695865,1.86467141,306.3,1025.0,284.625,0.53788518,0.16998281,0.04096729,0.47787279
164,1929,156.17934,2.3336423479117587,1.9692260099999999,306.775,1030.75,284.8,0.54617941,0.17281833,0.04155455,0.48668409
165,1930,157.21906,2.3643416275112443,1.94887975,307.225,1036.25,284.975,0.55402496,0.17552275,0.042141653,0.49818014
166,1931,158.34545,2.3922050584279293,1.84334081,307.7,1041.75,285.125,0.56229357,0.17821976,0.042644727,0.51564969
167,1932,159.47183,2.4171756094666947,1.65922596,308.175,1047.25,285.3,0.5705501,0.18090941,0.043231463,0.53379881
168,1933,160.59821000000002,2.4394184040051403,1.7015884799999998,308.6,1052.75,285.5,0.57792673,0.18359176,0.043901811,0.54694856
169,1934,161.7246,2.459274215217391,1.76986255,309.0,1058.0,285.7,0.5848599,0.18614559,0.04457192,0.55480904
170,1935,162.85098,2.4778267929213964,1.82171575,309.4,1063.0,285.9,0.59178409,0.18857157,0.04524179,0.56297859
171,1936,163.97736,2.49635611823731,1.9312999299999998,309.75,1068.0,286.1,0.59783591,0.19099166,0.045911423,0.56925783
172,1937,165.10375,2.516142172285286,1.98869902,310.0,1073.0,286.275,0.60215445,0.19340589,0.04649717,0.57566193
173,1938,166.23013,2.5384647790747485,1.9238822199999999,310.175,1078.0,286.425,0.60517523,0.19581431,0.046999082000000005,0.58955637
174,1939,167.35651000000001,2.5646040768365816,1.97144376,310.3,1083.0,286.575,0.60733189,0.19821696,0.047500862000000005,0.59976398
175,1940,168.4829,2.5958397324694795,2.06583237,310.375,1088.25,286.725,0.60862547,0.20073343,0.048002507,0.60040981
176,1941,170.03046,2.671203550267723,2.08436458,310.375,1093.75,286.9,0.60862547,0.20336316,0.048587579000000006,0.59760078
177,1942,171.57803,2.81834858988006,2.1110497,310.3,1099.0,287.1,0.60733189,0.20586714,0.049256025999999994,0.59431171
178,1943,173.12559,3.0214878937888194,2.1547656,310.2,1104.0,287.3,0.60560671,0.20824599,0.049924236,0.59299835
179,1944,174.67315,3.2783977167166416,2.15139864,310.125,1109.25,287.525,0.6043125,0.21073766,0.050675674000000004,0.59123056
180,1945,176.22072,3.582756237095738,1.9291473899999998,310.1,1114.75,287.775,0.60388103,0.21334159,0.051510272999999995,0.59027107
181,1946,177.76828,3.912628283197687,2.08014892,310.125,1120.5,288.025,0.6043125,0.21605664,0.05234450400000001,0.58655836
182,1947,179.31583999999998,4.24607946884772,2.26217994,310.2,1126.75,288.275,0.60560671,0.21899962,0.053178367000000004,0.57895654
183,1948,180.86341000000002,4.561175093649604,2.34413044,310.325,1133.25,288.525,0.60776302,0.22205156,0.054011863,0.57260652
184,1949,182.41097,4.835981714092954,2.30112641,310.5,1140.0,288.775,0.6107804,0.22521114,0.054844993,0.57287846
185,1950,183.95853,5.048567143553223,2.52233465,310.75,1147.25,289.0,0.61508782,0.22859401,0.055594512,0.57404745
186,1951,189.11003,5.213879996690941,2.8565201,311.1,1155.0,289.2,0.62111239,0.23219799,0.056260489000000004,0.56168656
187,1952,194.26153,5.359213706693082,2.9056378,311.5,1163.5,289.425,0.62798987,0.23613618,0.05700941599999999,0.55003428
188,1953,199.41303,5.481156771160848,2.9455171,311.925,1172.75,289.675,0.63528723,0.24040525,0.05784123,0.55008287
189,1954,204.56453,5.584263515945598,3.0171416000000004,312.425,1182.25,289.9,0.64385931,0.24477186,0.058589565999999996,0.55199419
190,1955,209.71603,5.678156187727565,3.2341855,313.0,1192.0,290.125,0.65370065,0.24923433,0.059337575,0.55514058
191,1956,214.86753,5.767032313889484,3.4226883,313.6,1202.25,290.375,0.66395102,0.25390536,0.060168369000000006,0.55891851
192,1957,220.01902,5.855095549132577,3.5418718,314.225,1213.0,290.6,0.67460724,0.25878219,0.06091579,0.56328276
193,1958,225.17052,5.946554889922896,3.6495816999999997,314.8475,1224.0,290.825,0.68520067,0.26374965,0.061662882999999995,0.57218953
194,1959,230.32202,6.0456229462732916,3.6655957,315.5,1235.25,291.1,0.69628068,0.26880593,0.0625756,0.59040482
195,1960,235.47352,6.156513899303921,3.7692833,316.2725,1247.0,291.4,0.7093687,0.27406162,0.063570813,0.61266012
196,1961,238.52217000000002,6.322143959006212,3.8383218,317.075,1259.25,291.675,0.72293323,0.27951378,0.064482654,0.61854867
197,1962,241.57082999999997,6.572959456703791,3.9355717,317.795,1272.0,291.925,0.73507442,0.28515948,0.065311204,0.61973921
198,1963,244.61947999999998,6.8945085618654955,4.0922947,318.3975,1285.0,292.225,0.74521338,0.29088615,0.066304945,0.63015159
199,1964,247.66813,7.285961886945813,4.2595879,318.925,1298.25,292.6,0.75407365,0.29669196,0.067546421,0.6407826
200,1965,250.71679,7.693426680777469,4.4092558,319.6475,1312.0,293.0,0.76618156,0.30268459,0.0688698,0.65706711
201,1966,253.76543999999998,8.16281839719426,4.5986968,320.6475,1326.0,293.4,0.7828982,0.30875326,0.070192262,0.67900631
202,1967,256.81408999999996,8.574283544442064,4.7086254,321.605,1340.25,293.8,0.79886038,0.31489612,0.071513808,0.69847938
203,1968,259.86274,8.829220842150352,4.8232028,322.635,1355.0,294.225,0.81597004,0.32121912,0.072916921,0.72107279
204,1969,262.9114,9.08859023356179,5.0383879,323.9025,1370.25,294.7,0.83695475,0.32771921,0.074483888,0.75401956
205,1970,265.96005,9.327467986635254,5.273112899999999,324.985,1385.75,295.2,0.85481939,0.33428801,0.076131978,0.79442908
206,1971,270.02505,8.806018572381667,5.301891299999999,325.855,1401.25,295.7,0.86912845,0.340819,0.07777865099999999,0.83539343
207,1972,274.09004,9.298018680006425,5.4460621,327.14,1417.0,296.225,0.89018132,0.34741694,0.0795061,0.87201267
208,1973,278.15504,9.497193294634826,5.6680986,328.6775,1433.0,296.8,0.91528331,0.35408128,0.081396286,0.90516124
209,1974,282.22003,9.333320361340759,5.6827371,329.7425,1449.0,297.4,0.93260715,0.36070732,0.08336671400000001,0.93091733
210,1975,286.28503,9.648121717744699,5.6465876,330.585,1465.0,298.0,0.94626302,0.36729571,0.085335125,0.95288509
211,1976,290.35002000000003,9.90466704377811,5.9736077,331.7475,1481.0,298.65,0.96504571,0.37384707,0.08746521,0.97560691
212,1977,294.41502,10.266251419468837,6.1229873999999995,333.2725,1497.25,299.36,0.9895882,0.38046324,0.08978931,1.0046644
213,1978,298.48002,10.399745107721142,6.1953700000000005,334.8475,1513.75,300.0825,1.0148271999999998,0.38714369,0.092151471,1.0440764
214,1979,302.54501,11.009963341507817,6.4517127,336.525,1530.25,300.74,1.0415665,0.39378667,0.094298737,1.0880973
215,1980,306.61001,11.094205015345898,6.3572096,338.36,1547.75,301.3825,1.0706749,0.40079084,0.096394503,1.1248441999999998
216,1981,310.01251,10.74912685009638,6.212862100000001,339.7275,1566.75,302.22,1.0922768999999999,0.40834992,0.09912273,1.1482957
217,1982,313.415,11.184690583829513,6.3174055,340.7925,1586.25,303.0975,1.1090268,0.41605956,0.10197773,1.1638796999999999
218,1983,316.8175,11.33851974235382,6.3355201,342.1975,1605.845,303.805,1.131041,0.42375755,0.10427651,1.1851636
219,1984,320.22,11.073370718505034,6.5500833,343.7825,1623.705,304.3975,1.1557766999999999,0.43073397,0.10619951,1.2172613
220,1985,323.6225,11.024341015774256,6.719344899999999,345.2825,1637.9925,305.0875,1.1790812,0.43628635,0.1084362,1.2518596000000002
221,1986,327.025,11.108501149143285,6.8972023,346.7975,1650.435,305.7725,1.2025127,0.44110016,0.11065469,1.2856954
222,1987,330.42749,11.723088632340973,7.0470086,348.645,1662.2,306.2625,1.23094,0.44563499,0.11223995,1.3218258999999999
223,1988,333.82999,11.315912450920969,7.280724800000001,350.7375,1673.07,307.195,1.2629696000000001,0.44980999,0.11525192,1.36554
224,1989,337.23249,11.517850014853288,7.412643600000001,352.4875,1683.47,308.5075,1.289621,0.45379128,0.11948553,1.4086326999999998
225,1990,340.63499,11.917919135275222,7.4634833,353.855,1693.63,309.485,1.3103479,0.45766844,0.12263292,1.4446482
226,1991,336.59218,11.629906729503105,7.6159799,355.0175,1703.8175,310.1125,1.3279065,0.46154394,0.12465054,1.4670094
227,1992,332.54937,12.252959495962735,7.4215304,355.885,1711.8,310.6025,1.3409723,0.46457339,0.12622447,1.4775542
228,1993,328.50656000000004,11.48967016292568,7.4221006,356.7775,1716.29,311.0775,1.354375,0.4662739,0.127749,1.4940153999999999
229,1994,324.46375,11.794748878892696,7.5315956,358.1275,1721.0125,311.6025,1.3745818,0.46805929,0.12943256,1.5197768
230,1995,320.42094,11.970429154904691,7.6470104,359.8375,1726.35,312.295,1.400075,0.47007482,0.13165093,1.5564719999999999
231,1996,316.37814,12.022213322959947,7.7611025,361.4625,1730.01,313.0475,1.4241973999999997,0.47145507,0.13405903,1.5943539
232,1997,312.33533,12.427070078667809,7.8371397,363.155,1734.8175,313.76,1.4491927,0.47326497,0.13633628,1.6194694
233,1998,308.29252,12.40503325629685,7.8028431000000005,365.3225,1742.71,314.5325,1.4810336000000002,0.47623115,0.13880228,1.6440801
234,1999,304.24971,11.825700949657316,7.7517892,367.3475,1749.2425,315.2575,1.5106358999999998,0.47868222,0.1411141,1.6706331
235,2000,300.2069,11.715118719211823,7.883800000000001,368.865,1751.0225,315.85,1.5327048,0.47934927,0.14300134,1.6863253
236,2001,303.4092,11.788018098093811,8.0279,370.4675,1750.7075,316.4875,1.5559009,0.4792313,0.1450297,1.7049748
237,2002,306.5788,11.859817701863355,8.1807,372.5225,1752.1875,317.245,1.5854995,0.47978539,0.14743728,1.7387641
238,2003,309.7164,11.9313030841722,8.5117,374.76,1754.76,318.0175,1.6175545,0.48074821,0.14988963,1.7752675
239,2004,312.824,12.002317134289997,8.9148,376.8125,1755.065,318.71,1.6467938999999998,0.48086234,0.15208552,1.8072955000000002
240,2005,315.9027,12.07254563075605,9.1665,378.8125,1753.735,319.44,1.675125,0.48036474,0.15439741,1.8401646
241,2006,320.0614,12.121092846433926,9.3103,380.8275,1754.5145,320.19967,1.7035227,0.48065635,0.15680074,1.8783398999999998
242,2007,324.2127,12.169640062111801,9.4536,382.7775,1757.684,320.88885,1.7308597,0.48184152,0.15897843,1.918195
243,2008,328.34943,12.217925374202185,9.595033399999998,384.8,1761.9801,321.57802000000004,1.7590633999999998,0.48344617,0.16115374,1.9596083999999998
244,2009,332.48617,12.266210843403298,9.7364666,387.00054,1767.259,322.26735,1.789581,0.48541527,0.16332717,2.0040394
245,2010,336.6229,12.314496155493682,9.8779,389.28521,1773.1278,322.95654,1.8210871,0.48760089,0.1654978,2.0514004
246,2011,328.6374,12.23991569179696,9.916160000000001,391.56252,1779.5403,323.64575,1.8523072,0.4899847,0.16766617,2.1017918
247,2012,320.6519,12.165335228100236,9.95442,393.84272999999996,1784.5519,324.32716,1.8833863000000002,0.49184517,0.1698077,2.1524232999999997
248,2013,312.6664,12.090754764403512,9.99268,396.11734,1786.3689,324.99264,1.9142099999999997,0.49251903,0.17189696,2.2003028
249,2014,304.6809,12.016174300706789,10.030940000000001,398.39567999999997,1785.2863,325.6422,1.9449071,0.49211755,0.17393413,2.2460071
250,2015,296.6954,11.941593837010066,10.0692,400.68068,1781.5822,326.27584,1.9755183,0.49074311,0.1759194,2.2899818
251,2016,288.7099,11.867013373313343,10.107460000000001,402.9683,1775.478,326.8936,2.0059903,0.4884749,0.17785303,2.3323332000000003
252,2017,280.7244,11.79243290961662,10.145719999999999,405.25182,1767.1513,327.49559,2.0362357,0.48537437,0.17973551,2.3731031000000002
253,2018,272.7389,11.717852445919897,10.18398,407.52882,1756.7736,328.08194,2.0662255000000003,0.4814996,0.18156741,2.4123813
254,2019,264.7534,11.643271982223174,10.222240000000001,409.80029,1744.5114,328.6528,2.0959761,0.476906,0.1833493,2.45071
255,2020,256.7679,11.568691518526451,10.260499999999999,412.06782999999996,1730.518,329.2083,2.125511,0.47164353,0.18508176,2.4868591
256,2021,254.65433,11.559516251874063,10.029029999999999,414.32565,1714.8713,329.74858,2.1547586,0.46573323,0.18676534,2.5192966
257,2022,252.54076,11.550340985221673,9.797559999999999,416.51662000000005,1698.7239,330.27812,2.1829899,0.45960563,0.18841405,2.5485262000000004
258,2023,250.42719,11.541165718569287,9.566089999999999,418.60322,1683.3058,330.80136,2.2097382000000003,0.45372675,0.19004186,2.5757005
259,2024,248.31362000000001,11.531990451916897,9.334620000000001,420.60132000000004,1668.8253,331.31844,2.2352272,0.44818016,0.19164922,2.6018157000000004
260,2025,246.20005,11.52281518526451,9.103150000000001,422.51575,1655.3673,331.8295,2.2595355,0.44300295,0.19323659,2.6270577999999998
261,2026,244.08648,11.513639918612125,8.87168,424.34900999999996,1642.8547,332.33463,2.28271,0.43816985,0.19480436,2.6514637999999997
262,2027,241.97291,11.504464651959735,8.64021,426.09675,1631.1869,332.83393,2.3047107000000002,0.4336459,0.19635281,2.6749638
263,2028,239.85934,11.495289385307347,8.40874,427.75232,1620.2505,333.32743,2.325468,0.42939035,0.19788214,2.6974511000000003
264,2029,237.74577000000002,11.486114118654958,8.17727,429.31381,1609.952,333.81519,2.3449722,0.42536937,0.19939257,2.7188898
265,2030,235.6322,11.47693885200257,7.9458,430.78315,1600.2154,334.29728,2.3632607000000005,0.42155562,0.20088429,2.7380636000000003
266,2031,234.57182999999998,11.45684438959092,7.6536100000000005,432.16344000000004,1590.9764,334.77372,2.380384,0.41792562,0.20235751,2.7537634
267,2032,233.51146,11.436749927179267,7.361420000000001,433.43618,1582.2005,335.24387,2.396125,0.41446751,0.2038102,2.7677883
268,2033,232.45109,11.416655464767617,7.06923,434.59272999999996,1573.8792,335.70704,2.410389,0.41117938,0.20524032,2.7813117000000003
269,2034,231.39072000000002,11.396561002355964,6.77704,435.65302,1566.0052,336.16328,2.4234322,0.40805974,0.20664808,2.7938319
270,2035,230.33035,11.376466539944314,6.484850000000001,436.62804000000006,1558.5643,336.61265,2.4353984,0.40510424,0.20803368,2.8055047
271,2036,229.26997999999998,11.356372077532663,6.19266,437.52158,1551.5411,337.05519,2.446341,0.40230794,0.20939732,2.8163872000000003
272,2037,228.20961,11.336277615121011,5.90047,438.33432999999997,1544.9268,337.49097,2.4562751,0.3996685,0.21073923,2.8264928
273,2038,227.14924,11.31618315270936,5.608280000000001,439.06015,1538.6838,337.92005,2.4651311000000002,0.39717185,0.21205965,2.8357372000000005
274,2039,226.08887000000001,11.296088690297708,5.31609,439.69060999999994,1532.7554,338.34247999999997,2.4728117000000003,0.39479615,0.21335879,2.8439951
275,2040,225.0285,11.275994227886057,5.0239,440.2224,1527.0976,338.75834,2.4792816,0.39252446,0.21463688,2.8501157999999998
276,2041,221.45546000000002,11.129786982223173,4.860189999999999,440.65666,1521.6802,339.16766,2.4845592,0.39034523,0.21589415,2.852993
277,2042,217.88242000000002,10.983579736560293,4.69648,441.02475999999996,1516.0256,339.56219,2.4890285,0.38806611,0.21710522,2.8538468
278,2043,214.30937999999998,10.837372490897408,4.53277,441.34650999999997,1509.6501,339.93362,2.492932,0.38549117,0.21824477,2.8537098999999997
279,2044,210.73633999999998,10.691165245234526,4.36906,441.621,1502.5989,340.28204,2.4962598999999996,0.38263681,0.21931312,2.8525412
280,2045,207.1633,10.544957999571643,4.20535,441.8644,1494.9915,340.60749,2.4992092999999995,0.37954959,0.22031057,2.8506047999999997
281,2046,203.59026,10.39875075390876,4.041639999999999,442.08482000000004,1486.9261,340.91008999999997,2.5018786,0.37626761,0.22123753,2.8480488
282,2047,200.01722,10.252543508245878,3.87793,442.2834,1478.4866,341.19,2.5042823,0.37282362,0.22209461,2.8449383999999998
283,2048,196.44418000000002,10.106336262582994,3.71422,442.4583,1469.7525,341.44743,2.5063985,0.3692487,0.22288253,2.8413383
284,2049,192.87114,9.960129016920112,3.55051,442.60090999999994,1460.7653,341.68257,2.5081234,0.36555875,0.22360198,2.8371988999999997
285,2050,189.2981,9.81392177125723,3.3868,442.70045999999996,1451.5398,341.89562,2.5093272,0.36175874,0.22425365,2.831615
286,2051,187.01509,9.730904461340758,3.2515599999999996,442.75184,1442.0963,342.0868,2.5099484,0.35785601,0.22483821,2.8237243
287,2052,184.73208,9.647887151424287,3.11632,442.761,1432.7096,342.26047,2.5100591,0.35396384,0.22536911,2.8144837000000003
288,2053,182.44907,9.564869841507818,2.98108,442.73417,1423.6218,342.42102,2.5097348,0.35018308,0.22585977,2.8049461
289,2054,180.16606000000002,9.481852531591347,2.8458400000000004,442.66263,1414.7425,342.56863,2.5088698,0.34647692,0.22631079,2.7950227
290,2055,177.88305,9.398835221674878,2.7106,442.54767000000004,1406.0124,342.7035,2.5074794999999996,0.34282134,0.22672278,2.7846807
291,2056,175.60003999999998,9.315817911758407,2.57536,442.40642,1397.4536,342.8258,2.5057709,0.3392261,0.2270963,2.7741374
292,2057,173.31703000000002,9.232800601841936,2.44012,442.24832999999995,1389.0775,342.93565,2.5038579,0.3356966,0.22743176,2.7635099
293,2058,171.03402,9.149783291925466,2.30488,442.07535,1380.8916,343.03317999999996,2.501764,0.33223659,0.22772954,2.752823
294,2059,168.75101,9.066765982008997,2.16964,441.88625,1372.9066,343.1185,2.4994739,0.32885134,0.22798999,2.7420657000000004
295,2060,166.468,8.983748672092524,2.0343999999999998,441.67274000000003,1365.1056,343.19171,2.4968871,0.32553421,0.22821349,2.7318799
296,2061,165.95203999999998,8.987362218890555,1.89635,441.42415,1357.4515,343.25293999999997,2.4938736,0.32227003,0.22840036,2.7228837
297,2062,165.43608,8.990975765688583,1.7583000000000002,441.1345,1350.226,343.30802,2.4903603,0.31918007,0.22856845,2.7141002999999997
298,2063,164.92012,8.994589312486614,1.62025,440.80284000000006,1343.686,343.36278,2.4863346,0.31637586,0.22873557,2.7049602999999998
299,2064,164.40416000000002,8.998202859284643,1.4822000000000002,440.43040999999994,1337.7504,343.41733,2.4818104,0.31382471,0.22890203,2.6958055
300,2065,163.8882,9.001816406082673,1.34415,440.01021,1332.2959,343.47177999999997,2.4767012999999998,0.3114751,0.22906813,2.6864642999999995
301,2066,163.37223999999998,9.005429952880704,1.2061,439.54472999999996,1327.2328,343.52617999999995,2.4710359,0.30928969,0.22923413,2.6769041000000002
302,2067,162.85628,9.009043499678732,1.06805,439.05222000000003,1322.552,343.58058,2.4650351,0.30726543,0.22940008,2.6673411
303,2068,162.34032,9.012657046476763,0.9299999999999999,438.54290999999995,1318.2378,343.63498,2.4588226000000004,0.30539642,0.22956601,2.65789
304,2069,161.82436,9.016270593274792,0.79195,438.01932,1314.2739,343.68937,2.4524283,0.30367643,0.22973192,2.6485703999999997
305,2070,161.3084,9.019884140072822,0.6539,437.48062000000004,1310.6506,343.74376,2.4458415000000002,0.30210184,0.22989781,2.6398496
306,2071,160.68516,8.99982109980724,0.60021,436.91877999999997,1307.3332,343.79815,2.4389631,0.30065821,0.23006368,2.6320832999999997
307,2072,160.06192,8.979758059541657,0.54652,436.34250999999995,1304.2787,343.85097,2.431899,0.29932732,0.23022475,2.6248477
308,2073,159.43868,8.959695019276078,0.49283,435.76435999999995,1301.4547,343.90066,2.4248022999999996,0.29809543,0.23037625,2.6177607999999997
309,2074,158.81544,8.939631979010494,0.43914,435.18189,1298.8309,343.94721,2.4176432,0.29694962,0.23051819,2.6107557
310,2075,158.1922,8.919568938744913,0.38545,434.595,1296.3806,343.99062999999995,2.4104200000000002,0.29587852,0.23065057,2.6038141
311,2076,157.56896,8.899505898479331,0.33176,433.99542,1294.0307,344.03092999999996,2.4030304,0.29485026,0.23077343,2.5967822
312,2077,156.94572,8.87944285821375,0.27806999999999993,433.38455999999996,1291.7352,344.06813,2.3954915,0.29384493,0.23088682,2.5896453
313,2078,156.32248,8.859379817948168,0.22438000000000002,432.77961,1289.5217,344.10225,2.3880151,0.29287459,0.23099083,2.5826367
314,2079,155.69924,8.839316777682587,0.17068999999999995,432.18978,1287.4071,344.13333,2.3807153999999997,0.29194685,0.23108555,2.5758846
315,2080,155.076,8.819253737417007,0.11700000000000005,431.61659000000003,1285.4046,344.16138,2.3736122,0.29106754,0.23117106,2.5691325000000003
316,2081,154.41227,8.795262928892697,0.07849999999999996,431.05847,1283.5306,344.18644,2.3666866,0.29024405,0.23124745,2.5620822999999997
317,2082,153.74854,8.771272120368387,0.039999999999999925,430.51025999999996,1281.7574,344.20828,2.3598752999999997,0.28946425,0.23131401,2.5552484
318,2083,153.08481,8.747281311844079,0.0014999999999999458,429.96412999999995,1280.0405,344.22666,2.3530811000000003,0.28870864,0.23137003,2.5487655
319,2084,152.42108000000002,8.723290503319769,-0.03699999999999992,429.41410999999994,1278.3635,344.24161000000004,2.3462297000000003,0.28797012,0.23141559,2.5422117
320,2085,151.75735,8.699299694795458,-0.0754999999999999,428.85905999999994,1276.7183,344.25316000000004,2.3393069,0.28724513,0.23145078,2.5355697999999998
321,2086,151.09362,8.675308886271152,-0.11399999999999999,428.2991,1275.0979,344.26133,2.3323137000000003,0.28653059,0.23147568,2.5288386000000003
322,2087,150.42989,8.65131807774684,-0.15249999999999997,427.72652,1273.4472,344.26616,2.3251532999999998,0.28580218,0.23149038,2.5218827999999998
323,2088,149.76616,8.627327269222532,-0.19099999999999995,427.14308,1271.7361,344.26767,2.3178475,0.28504663,0.23149498,2.5147041
324,2089,149.10243,8.603336460698221,-0.22949999999999993,426.56607,1270.0047,344.26589,2.3106122000000004,0.28428159,0.23148956,2.5075495
325,2090,148.4387,8.579345652173913,-0.2679999999999999,426.00472,1268.2816,344.26085,2.3035641,0.28351966,0.23147422,2.5005805
326,2091,147.8001,8.55131709787963,-0.28315,425.46065,1266.59,344.25259,2.296724,0.28277113,0.23144905,2.4938653
327,2092,147.1615,8.52328854358535,-0.2983,424.93745,1264.9737,344.24087000000003,2.2901380000000002,0.28205548,0.23141332,2.4873555
328,2093,146.5229,8.49525998929107,-0.31345,424.43129000000005,1263.4475,344.22544,2.2837587000000004,0.28137928,0.23136631,2.4809841
329,2094,145.8843,8.467231434996787,-0.3286,423.93082999999996,1261.9864,344.20634,2.2774438999999997,0.28073151,0.2313081,2.4746957999999997
330,2095,145.2457,8.439202880702506,-0.34375,423.43057999999996,1260.5735,344.1836,2.2711242,0.28010473,0.23123878,2.4684124
331,2096,144.6071,8.411174326408224,-0.3589,422.92945,1259.1995,344.15724,2.2647858,0.27949488,0.23115844,2.4621162999999995
332,2097,143.9685,8.383145772113943,-0.37405,422.42760999999996,1257.8565,344.1273,2.2584310000000003,0.27889844,0.23106718,2.4558066000000003
333,2098,143.3299,8.355117217819663,-0.3892,421.91753,1256.489,344.09381,2.2519641,0.27829081,0.23096509,2.4493492000000003
334,2099,142.6913,8.32708866352538,-0.40435,421.40110999999996,1255.0667,344.0568,2.2454088,0.27765845,0.23085228,2.4427475
335,2100,142.0527,8.2990601092311,-0.4195,420.89545999999996,1253.6284,344.0163,2.2389825,0.27701856,0.23072883,2.4352507
336,2101,142.0527,8.2990601092311,-0.43995199999999995,420.40997999999996,1252.2028,343.97235,2.2328054,0.276384,0.23059484,2.4260022
337,2102,142.0527,8.2990601092311,-0.460404,419.94532000000004,1250.8862,343.92683,2.2268863999999997,0.27579764,0.23045606,2.4167336
338,2103,142.0527,8.2990601092311,-0.48085599999999995,419.49830999999995,1249.7665,343.88163,2.221186,0.27529869,0.23031823,2.4084976000000005
339,2104,142.0527,8.2990601092311,-0.501308,419.05981,1248.825,343.83677,2.2155882,0.27487899,0.23018144,2.4005401
340,2105,142.0527,8.2990601092311,-0.52176,418.61902000000003,1248.0275,343.79229,2.2099553,0.27452332,0.23004579,2.3926974999999997
341,2106,142.0527,8.2990601092311,-0.5422119999999999,418.17082,1247.3487,343.7482,2.2042217,0.2742205,0.22991133,2.3848852000000003
342,2107,142.0527,8.2990601092311,-0.5626639999999999,417.71454,1246.7719,343.70451,2.1983782000000005,0.27396313,0.22977808,2.3770814
343,2108,142.0527,8.2990601092311,-0.583116,417.2507,1246.2824,343.66122,2.1924314,0.27374467,0.22964604,2.3692812
344,2109,142.0527,8.2990601092311,-0.6035679999999999,416.77218999999997,1245.8193,343.61832000000004,2.1862897,0.27353798,0.22951519,2.3613478
345,2110,142.0527,8.2990601092311,-0.62402,416.28127,1245.3472,343.57581,2.1799812999999997,0.27332718,0.22938552,2.3532827999999997
346,2111,142.0527,8.2990601092311,-0.6444719999999999,415.79517999999996,1244.8996,343.53369,2.1737277,0.27312728,0.22925702,2.3453317000000005
347,2112,142.0527,8.2990601092311,-0.664924,415.32319,1244.4992,343.49195,2.1676485,0.27294847,0.22912969,2.3376304
348,2113,142.0527,8.2990601092311,-0.685376,414.86696,1244.1645,343.45059,2.1617657,0.27279894,0.22900351,2.3302139
349,2114,142.0527,8.2990601092311,-0.7058279999999999,414.42496,1243.916,343.40961,2.1560603,0.27268793,0.22887846,2.3230781000000005
350,2115,142.0527,8.2990601092311,-0.7262799999999999,413.98893,1243.7483,343.369,2.1504258999999997,0.27261298,0.22875455,2.3161126
351,2116,142.0527,8.2990601092311,-0.746732,413.54867,1243.638,343.32877,2.1447307999999996,0.27256369,0.22863176,2.3091685
352,2117,142.0527,8.2990601092311,-0.767184,413.09942,1243.5696,343.28889,2.1389132,0.27253312,0.22851009,2.3021724
353,2118,142.0527,8.2990601092311,-0.787636,412.64076,1243.5349,343.24938,2.1329671,0.27251765,0.22838951,2.2951123
354,2119,142.0527,8.2990601092311,-0.8080879999999999,412.17338,1243.5271,343.21024,2.1269012000000003,0.27251413,0.22827002,2.2879917
355,2120,142.0527,8.2990601092311,-0.8285399999999999,411.69045,1243.492,343.17144,2.1206262000000002,0.27249845,0.22815161,2.2806813
356,2121,142.0527,8.2990601092311,-0.848992,411.19435,1243.4003,343.133,2.1141725,0.27245747,0.22803428,2.27319
357,2122,142.0527,8.2990601092311,-0.869444,410.70228,1243.2907,343.09491,2.1077635,0.27240851,0.227918,2.2657688
358,2123,142.0527,8.2990601092311,-0.8898959999999999,410.22339,1243.1908,343.05717000000004,2.1015189,0.27236386,0.22780278,2.2585571
359,2124,142.0527,8.2990601092311,-0.9103479999999999,409.7593,1243.123,343.01977,2.0954603,0.27233355,0.2276886,2.2515928
360,2125,142.0527,8.2990601092311,-0.9308,409.30847,1243.1116,342.98271,2.0895682,0.27232846,0.22757546,2.2448672000000003
361,2126,142.0527,8.2990601092311,-0.9308,408.8627,1243.1545,342.94599,2.0837359,0.27234761,0.22746334,2.2382584999999997
362,2127,142.0527,8.2990601092311,-0.9308,408.41656,1243.2313,342.9096,2.0778923,0.27238196,0.22735223,2.2316740000000004
363,2128,142.0527,8.2990601092311,-0.9308,407.96956,1243.3293,342.87355,2.072031,0.27242575,0.22724213,2.2250978999999997
364,2129,142.0527,8.2990601092311,-0.9308,407.52072999999996,1243.4426,342.83782,2.0661393,0.27247637,0.22713302,2.2185131
365,2130,142.0527,8.2990601092311,-0.9308,407.07051,1243.5661,342.80242000000004,2.0602228,0.27253156,0.2270249,2.2119214
366,2131,142.0527,8.2990601092311,-0.9308,406.61189,1243.6476,342.76734,2.0541892,0.272568,0.22691777,2.2051924
367,2132,142.0527,8.2990601092311,-0.9308,406.14707000000004,1243.6595,342.73258,2.0480671000000004,0.2725733,0.2268116,2.1983342999999995
368,2133,142.0527,8.2990601092311,-0.9308,405.69286,1243.6418,342.69813,2.042078,0.2725654,0.22670639,2.1915972000000004
369,2134,142.0527,8.2990601092311,-0.9308,405.25809,1243.6232,342.664,2.036339,0.27255707,0.22660213,2.1851187999999997
370,2135,142.0527,8.2990601092311,-0.9308,404.84413,1243.6271,342.63018,2.0308688999999998,0.27255884,0.22649882,2.1789347
371,2136,142.0527,8.2990601092311,-0.9308,404.44922,1243.6789,342.59667,2.0256453000000003,0.272582,0.22639644,2.1730409
372,2137,142.0527,8.2990601092311,-0.9308,404.06507,1243.7773,342.56346,2.0205592,0.27262595,0.22629499,2.1673272
373,2138,142.0527,8.2990601092311,-0.9308,403.68161000000003,1243.9027,342.53056000000004,2.0154773,0.27268198,0.22619446,2.1616463
374,2139,142.0527,8.2990601092311,-0.9308,403.29415,1244.043,342.49795,2.0103375,0.27274466,0.22609484,2.1559272999999997
375,2140,142.0527,8.2990601092311,-0.9308,402.90226,1244.1931,342.46564,2.005134,0.27281171,0.22599612,2.1501604
376,2141,142.0527,8.2990601092311,-0.9308,402.50662,1244.3485,342.43363,1.9998754,0.27288113,0.2258983,2.1443511
377,2142,142.0527,8.2990601092311,-0.9308,402.10056000000003,1244.4576,342.4019,1.994473,0.27292989,0.22580136,2.1383731
378,2143,142.0527,8.2990601092311,-0.9308,401.68653,1244.4933,342.37047,1.9889589,0.27294583,0.2257053,2.1322387000000003
379,2144,142.0527,8.2990601092311,-0.9308,401.28131,1244.4961,342.33932000000004,1.9835568,0.27294706,0.22561011,2.1262004
380,2145,142.0527,8.2990601092311,-0.9308,400.89375,1244.4949,342.30846,1.9783849999999998,0.27294654,0.22551578,2.1203972999999996
381,2146,142.0527,8.2990601092311,-0.9308,400.52522999999997,1244.5137,342.27787,1.9734625,0.27295492,0.22542231,2.1148656000000003
382,2147,142.0527,8.2990601092311,-0.9308,400.17404,1244.5779,342.24757,1.9687675,0.27298361,0.22532968,2.1096016
383,2148,142.0527,8.2990601092311,-0.9308,399.83204,1244.6866,342.21754,1.9641912000000001,0.27303215,0.22523789,2.1044959
384,2149,142.0527,8.2990601092311,-0.9308,399.4893,1244.8204,342.18778,1.9596011999999998,0.27309192,0.22514693,2.0994022
385,2150,142.0527,8.2990601092311,-0.9308,399.14131000000003,1244.9675,342.1583,1.9549366000000001,0.27315764,0.2250568,2.0942512
386,2151,142.0527,8.2990601092311,-0.9308,398.78772000000004,1245.123,342.12908,1.9501929,0.27322708,0.22496748,2.0890345
387,2152,142.0527,8.2990601092311,-0.9308,398.42927000000003,1245.2826,342.10013,1.9453798,0.27329835,0.22487898,2.0837588
388,2153,142.0527,8.2990601092311,-0.9308,398.0595,1245.3949,342.07144,1.9404099999999997,0.27334848,0.22479127,2.0782995
389,2154,142.0527,8.2990601092311,-0.9308,397.68091,1245.4328,342.04301,1.9353169999999997,0.27336538,0.22470436,2.0726706000000004
390,2155,142.0527,8.2990601092311,-0.9308,397.31021,1245.4369,342.01485,1.9303255000000001,0.27336724,0.22461823,2.0671258000000003
391,2156,142.0527,8.2990601092311,-0.9308,396.95616,1245.4364,341.98693,1.9255537,0.27336702,0.22453289,2.0618038
392,2157,142.0527,8.2990601092311,-0.9308,396.62009,1245.4552,341.95928,1.9210203999999997,0.27337541,0.22444832,2.0567405
393,2158,142.0527,8.2990601092311,-0.9308,396.3003,1245.5189,341.93187,1.9167032,0.27340385,0.22436452,2.051932
394,2159,142.0527,8.2990601092311,-0.9308,395.98871,1245.6266,341.90472,1.9124933000000002,0.27345191,0.22428147,2.0472688000000003
395,2160,142.0527,8.2990601092311,-0.9308,395.67554,1245.7589,341.87781,1.9082584999999999,0.27351101,0.22419918,2.042605
396,2161,142.0527,8.2990601092311,-0.9308,395.35634,1245.9042,341.85114,1.9039389,0.27357588,0.22411764,2.037872
397,2162,142.0527,8.2990601092311,-0.9308,395.03085,1246.0576,341.82472,1.8995305,0.27364435,0.22403683,2.0330625
398,2163,142.0527,8.2990601092311,-0.9308,394.69985,1246.2148,341.79854,1.8950438000000003,0.27371453,0.22395676,2.0281838
399,2164,142.0527,8.2990601092311,-0.9308,394.357,1246.3245,341.7726,1.8903925,0.27376349,0.22387741,2.0231126
400,2165,142.0527,8.2990601092311,-0.9308,394.00489,1246.3596,341.74689,1.8856113,0.27377916,0.22379878,2.0178642
401,2166,142.0527,8.2990601092311,-0.9308,393.6601,1246.3609,341.72142,1.8809255,0.27377975,0.22372086,2.0126926
402,2167,142.0527,8.2990601092311,-0.9308,393.33128,1246.3575,341.69617999999997,1.8764528999999999,0.2737782,0.22364365,2.0077363999999998
403,2168,142.0527,8.2990601092311,-0.9308,393.01974,1246.3732,341.67117,1.8722118000000003,0.27378521,0.22356714,2.0030308999999997
404,2169,142.0527,8.2990601092311,-0.9308,392.72373999999996,1246.4337,341.64637999999997,1.8681792000000002,0.27381222,0.22349132,1.9985715
405,2170,142.0527,8.2990601092311,-0.9308,392.43525,1246.5381,341.62183,1.8642459999999998,0.2738588,0.22341619,1.9942483
406,2171,142.0527,8.2990601092311,-0.9308,392.1446,1246.6671,341.59749,1.8602804,0.27391639,0.22334174,1.989916
407,2172,142.0527,8.2990601092311,-0.9308,391.84744,1246.8091,341.57338,1.8562229,0.27397974,0.22326797,1.9855066000000003
408,2173,142.0527,8.2990601092311,-0.9308,391.54354,1246.9591,341.54949,1.8520701000000002,0.27404667,0.22319487,1.9810131999999998
409,2174,142.0527,8.2990601092311,-0.9308,391.2337,1247.1129,341.52581000000004,1.8478330000000003,0.27411532,0.22312242,1.9764437
410,2175,142.0527,8.2990601092311,-0.9308,390.91172,1247.2192,341.50235,1.8434262,0.27416275,0.22305064,1.9716759999999998
411,2176,142.0527,8.2990601092311,-0.9308,390.58024,1247.251,341.4791,1.8388855,0.27417693,0.2229795,1.9667263
412,2177,142.0527,8.2990601092311,-0.9308,390.25571,1247.249,341.45607,1.8344363999999997,0.27417604,0.22290902,1.9618490000000002
413,2178,142.0527,8.2990601092311,-0.9308,389.94667999999996,1247.2422,341.43324,1.8301965,0.27417303,0.22283917,1.9571823
414,2179,142.0527,8.2990601092311,-0.9308,389.65441,1247.2547,341.41062999999997,1.8261832999999998,0.27417858,0.22276995,1.9527607
415,2180,142.0527,8.2990601092311,-0.9308,389.37712999999997,1247.3119,341.38821,1.8223732,0.27420413,0.22270136,1.948579
416,2181,142.0527,8.2990601092311,-0.9308,389.10687,1247.4131,341.36601,1.8186569,0.27424925,0.22263339,1.9445271000000002
417,2182,142.0527,8.2990601092311,-0.9308,388.83404,1247.5389,341.344,1.8149026000000001,0.27430538,0.22256604,1.9404597
418,2183,142.0527,8.2990601092311,-0.9308,388.55437,1247.6777,341.3222,1.8110514,0.27436729,0.2224993,1.9363093999999996
419,2184,142.0527,8.2990601092311,-0.9308,388.26765,1247.8245,341.30059,1.8071004000000002,0.2744328,0.22243317,1.9320699000000001
420,2185,142.0527,8.2990601092311,-0.9308,387.97472999999997,1247.9753,341.27918,1.8030608,0.27450004,0.22236763,1.9277494
421,2186,142.0527,8.2990601092311,-0.9308,387.6695,1248.0785,341.25796,1.7988483,0.2745461,0.22230269,1.9232267
422,2187,142.0527,8.2990601092311,-0.9308,387.35465,1248.1073,341.23694,1.7944993999999999,0.27455893,0.22223834,1.9185192
423,2188,142.0527,8.2990601092311,-0.9308,387.04651,1248.1024,341.21611,1.79024,0.27455675,0.22217457,1.9138814
424,2189,142.0527,8.2990601092311,-0.9308,386.75352999999996,1248.0928,341.19547,1.786187,0.27455246,0.22211138,1.9094508000000001
425,2190,142.0527,8.2990601092311,-0.9308,386.47692,1248.1024,341.17501,1.7823575,0.27455675,0.22204877,1.9052615000000002
426,2191,142.0527,8.2990601092311,-0.9308,386.21487,1248.1569,341.15475,1.7787272,0.27458105,0.22198672,1.9013074
427,2192,142.0527,8.2990601092311,-0.9308,385.95946000000004,1248.2552,341.13466,1.7751863,0.27462491,0.22192523,1.8974781000000003
428,2193,142.0527,8.2990601092311,-0.9308,385.70117999999997,1248.3783,341.11476,1.7716033,0.2746798,0.22186431,1.8936285
429,2194,142.0527,8.2990601092311,-0.9308,385.43582000000004,1248.5144,341.09504,1.7679196,0.27474049,0.22180393,1.8896917000000002
430,2195,142.0527,8.2990601092311,-0.9308,385.16322,1248.6586,341.0755,1.7641328,0.2748048,0.2217441,1.8856616999999998
431,2196,142.0527,8.2990601092311,-0.9308,384.88424,1248.8068,341.05613999999997,1.7602544999999998,0.27487087,0.22168482,1.8815471000000001
432,2197,142.0527,8.2990601092311,-0.9308,384.59286000000003,1248.9075,341.03696,1.7562008999999998,0.27491577,0.22162607,1.8772276999999997
433,2198,142.0527,8.2990601092311,-0.9308,384.29183,1248.9338,341.01794,1.7520098000000002,0.27492749,0.22156786,1.8727217
434,2199,142.0527,8.2990601092311,-0.9308,383.99735,1248.9265,340.99911000000003,1.7479067,0.27492422,0.22151017,1.8682836999999999
435,2200,142.0527,8.2990601092311,-0.9308,383.71778,1248.9145,340.98044,1.7440084999999999,0.27491888,0.22145301,1.8640506999999997
436,2201,142.0527,8.2990601092311,-0.9308,383.45425,1248.9217,340.96193999999997,1.7403313999999999,0.27492211,0.22139637,1.8600561000000002
437,2202,142.0527,8.2990601092311,-0.9308,383.20495,1248.9739,340.94361000000004,1.7368505,0.27494536,0.22134024,1.8562931
438,2203,142.0527,8.2990601092311,-0.9308,382.96197,1249.0699,340.92545,1.7334556,0.27498819,0.22128462,1.8526509999999998
439,2204,142.0527,8.2990601092311,-0.9308,382.71591,1249.1907,340.90746,1.7300153999999999,0.27504205,0.2212295,1.8489846999999997
440,2205,142.0527,8.2990601092311,-0.9308,382.4626,1249.3246,340.88962000000004,1.7264716,0.27510172,0.22117489,1.8452278000000002
441,2206,142.0527,8.2990601092311,-0.9308,382.20191,1249.4666,340.87195,1.7228221000000001,0.27516502,0.22112077,1.8413747
442,2207,142.0527,8.2990601092311,-0.9308,381.93471,1249.6126,340.85444,1.7190789,0.27523011,0.22106714,1.8374343999999998
443,2208,142.0527,8.2990601092311,-0.9308,381.6551,1249.7112,340.83709,1.7151591,0.27527406,0.221014,1.8332873
444,2209,142.0527,8.2990601092311,-0.9308,381.36585,1249.7354,340.8199,1.7111009999999998,0.27528485,0.22096134,1.8289526999999999
445,2210,142.0527,8.2990601092311,-0.9308,381.08304,1249.7261,340.80287000000004,1.7071304,0.27528069,0.22090916,1.824685
446,2211,142.0527,8.2990601092311,-0.9308,380.81494,1249.7121,340.78598999999997,1.7033636000000003,0.27527447,0.22085745,1.8206209
447,2212,142.0527,8.2990601092311,-0.9308,380.56262999999996,1249.7174,340.76926000000003,1.6998162,0.27527683,0.22080621,1.816793
448,2213,142.0527,8.2990601092311,-0.9308,380.32426,1249.7676,340.75268,1.6964625,0.27529921,0.22075543,1.8131938000000003
449,2214,142.0527,8.2990601092311,-0.9308,380.09195,1249.8618,340.73626,1.6931922,0.27534116,0.22070512,1.8097120999999998
450,2215,142.0527,8.2990601092311,-0.9308,379.85638,1249.9807,340.71997999999996,1.6898738999999998,0.27539415,0.22065527,1.8062032
451,2216,142.0527,8.2990601092311,-0.9308,379.61345,1250.1126,340.70386,1.6864496999999998,0.27545297,0.22060586,1.802601
452,2217,142.0527,8.2990601092311,-0.9308,379.36304,1250.2528,340.68788,1.6829179,0.27551544,0.22055691,1.7989001
453,2218,142.0527,8.2990601092311,-0.9308,379.10604,1250.397,340.67204,1.6792907,0.2755797,0.22050839,1.7951099999999998
454,2219,142.0527,8.2990601092311,-0.9308,378.83665,1250.4938,340.65635,1.6754859,0.27562284,0.22046032,1.7911116999999999
455,2220,142.0527,8.2990601092311,-0.9308,378.55765,1250.5163,340.64081,1.6715426,0.27563286,0.22041269,1.7869255000000002
456,2221,142.0527,8.2990601092311,-0.9308,378.28503,1250.5053,340.6254,1.6676866999999997,0.27562794,0.22036549,1.7828056
457,2222,142.0527,8.2990601092311,-0.9308,378.02696000000003,1250.4897,340.61012999999997,1.664034,0.27562097,0.22031871,1.7788883999999998
458,2223,142.0527,8.2990601092311,-0.9308,377.78445,1250.4933,340.59501,1.6605993000000001,0.2756226,0.22027236,1.7752056
459,2224,142.0527,8.2990601092311,-0.9308,377.55563,1250.5419,340.58002,1.6573563999999998,0.27564424,0.22022644,1.7717491
460,2225,142.0527,8.2990601092311,-0.9308,377.33266000000003,1250.6344,340.56517,1.6541946,0.27568545,0.22018093,1.7684074
461,2226,142.0527,8.2990601092311,-0.9308,377.10629,1250.7517,340.55045,1.6509826,0.27573771,0.22013583,1.7650359
462,2227,142.0527,8.2990601092311,-0.9308,376.87246,1250.882,340.53586,1.6476627000000001,0.27579579,0.22009114,1.7615686999999998
463,2228,142.0527,8.2990601092311,-0.9308,376.63109,1251.0206,340.52141,1.6442337,0.27585755,0.22004686,1.758001
464,2229,142.0527,8.2990601092311,-0.9308,376.38308,1251.1633,340.50709,1.6407080000000003,0.27592111,0.22000297,1.7543422999999998
465,2230,142.0527,8.2990601092311,-0.9308,376.12271,1251.2586,340.4929,1.6370040000000001,0.27596355,0.21995949,1.7504745
466,2231,142.0527,8.2990601092311,-0.9308,375.85281000000003,1251.2796,340.47884,1.6331618,0.27597291,0.2199164,1.7464186999999998
467,2232,142.0527,8.2990601092311,-0.9308,375.58923,1251.2671,340.46491000000003,1.629407,0.27596735,0.21987371,1.7424291
468,2233,142.0527,8.2990601092311,-0.9308,375.34006,1251.2501,340.45111,1.6258549999999998,0.27595975,0.2198314,1.7386414000000001
469,2234,142.0527,8.2990601092311,-0.9308,375.10627999999997,1251.2523,340.43743,1.6225201999999999,0.27596073,0.21978947,1.7350868000000002
470,2235,142.0527,8.2990601092311,-0.9308,374.88595,1251.2995,340.42387,1.6193753999999998,0.27598174,0.21974793,1.7317563999999999
471,2236,142.0527,8.2990601092311,-0.9308,374.67127999999997,1251.3905,340.41044,1.6163097,0.27602231,0.21970676,1.7285384999999998
472,2237,142.0527,8.2990601092311,-0.9308,374.4531,1251.5064,340.39713,1.6131919,0.27607393,0.21966597,1.7252883999999997
473,2238,142.0527,8.2990601092311,-0.9308,374.22739,1251.6354,340.38394,1.6099646,0.27613138,0.21962555,1.7219407
474,2239,142.0527,8.2990601092311,-0.9308,373.9941,1251.7727,340.37087,1.6066268999999997,0.27619251,0.21958549,1.7184909
475,2240,142.0527,8.2990601092311,-0.9308,373.75412,1251.914,340.35792000000004,1.6031913999999998,0.27625546,0.2195458,1.7149486
476,2241,142.0527,8.2990601092311,-0.9308,373.50184,1252.008,340.34508999999997,1.5995773000000002,0.27629731,0.21950647,1.7111968000000002
477,2242,142.0527,8.2990601092311,-0.9308,373.24011,1252.0277,340.33238,1.5958252,0.27630608,0.21946749,1.7072569
478,2243,142.0527,8.2990601092311,-0.9308,372.98467,1252.014,340.31978,1.5921610000000002,0.27629997,0.21942887,1.7033833999999999
479,2244,142.0527,8.2990601092311,-0.9308,372.74352999999996,1251.9957,340.30728999999997,1.5886993999999999,0.27629181,0.2193906,1.6997113999999998
480,2245,142.0527,8.2990601092311,-0.9308,372.51759,1251.9967,340.29492,1.5854541000000002,0.27629225,0.21935268,1.6962713
481,2246,142.0527,8.2990601092311,-0.9308,372.30492000000004,1252.0426,340.28266,1.5823976,0.2763127,0.2193151,1.6930536
482,2247,142.0527,8.2990601092311,-0.9308,372.09772999999996,1252.1324,340.27052000000003,1.5794181,0.2763527,0.21927787,1.6899463
483,2248,142.0527,8.2990601092311,-0.9308,371.88692000000003,1252.2471,340.25847999999996,1.5763850000000001,0.27640376,0.21924097,1.6868048
484,2249,142.0527,8.2990601092311,-0.9308,371.66854,1252.3749,340.24655,1.5732409,0.27646065,0.21920441,1.6835639999999998
485,2250,142.0527,8.2990601092311,-0.9308,371.44254,1252.5109,340.23474,1.5699853000000001,0.27652124,0.21916817,1.6802196
486,2251,142.0527,8.2990601092311,-0.9308,371.20984,1252.6511,340.22302,1.5666311000000002,0.27658364,0.21913227,1.6767817999999999
487,2252,142.0527,8.2990601092311,-0.9308,370.96488999999997,1252.7439,340.21142000000003,1.5630979999999999,0.27662496,0.2190967,1.6731338
488,2253,142.0527,8.2990601092311,-0.9308,370.71058999999997,1252.7625,340.19992,1.5594276000000002,0.27663323,0.21906144,1.6692982
489,2254,142.0527,8.2990601092311,-0.9308,370.46256,1252.7477,340.18852999999996,1.5558453,0.27662662,0.21902651,1.6655291
490,2255,142.0527,8.2990601092311,-0.9308,370.22872,1252.7282,340.17724,1.5524658000000002,0.27661797,0.2189919,1.6619613000000002
491,2256,142.0527,8.2990601092311,-0.9308,370.00993,1252.7281,340.16605,1.5493019,0.27661791,0.21895759,1.6586245
492,2257,142.0527,8.2990601092311,-0.9308,369.80422000000004,1252.7729,340.15496,1.5463254,0.27663787,0.21892361,1.6555085999999999
493,2258,142.0527,8.2990601092311,-0.9308,369.60385,1252.8617,340.14398,1.5434244,0.27667737,0.21888992,1.6525009999999998
494,2259,142.0527,8.2990601092311,-0.9308,369.39976,1252.9752,340.13309,1.5404681,0.27672792,0.21885655,1.6494574
495,2260,142.0527,8.2990601092311,-0.9308,369.18806,1253.102,340.12231,1.5373997,0.27678432,0.21882348,1.6463130000000001
496,2261,142.0527,8.2990601092311,-0.9308,368.96871,1253.237,340.11162,1.5342188,0.27684442,0.21879071,1.6430639
497,2262,142.0527,8.2990601092311,-0.9308,368.74266,1253.3761,340.10103,1.5309385,0.27690634,0.21875823,1.6397203000000002
498,2263,142.0527,8.2990601092311,-0.9308,368.50442000000004,1253.4679,340.09054,1.5274793,0.27694718,0.21872605,1.6361663
499,2264,142.0527,8.2990601092311,-0.9308,368.25692999999995,1253.4854,340.08014,1.5238833,0.27695499,0.21869417,1.632425
500,2265,142.0527,8.2990601092311,-0.9308,368.0157,1253.4696,340.06982999999997,1.5203761999999998,0.27694794,0.21866257,1.6287508
501,2266,142.0527,8.2990601092311,-0.9308,367.78857,1253.4492,340.05962,1.5170716999999998,0.27693886,0.21863126,1.6252776000000002
502,2267,142.0527,8.2990601092311,-0.9308,367.57635,1253.4481,340.04951,1.5139824,0.27693836,0.21860024,1.6220347
503,2268,142.0527,8.2990601092311,-0.9308,367.37703,1253.4919,340.03947999999997,1.5110793,0.27695787,0.21856949,1.6190111999999999
504,2269,142.0527,8.2990601092311,-0.9308,367.1829,1253.5796,340.02955,1.5082503,0.27699692,0.21853903,1.6160943
505,2270,142.0527,8.2990601092311,-0.9308,366.98498,1253.6922,340.0197,1.5053644,0.27704702,0.21850884,1.6131396999999998
506,2271,142.0527,8.2990601092311,-0.9308,366.77941,1253.818,340.00995,1.5023654,0.27710297,0.21847893,1.610083
507,2272,142.0527,8.2990601092311,-0.9308,366.56619,1253.952,340.00028,1.4992530000000002,0.27716261,0.21844929,1.6069204
508,2273,142.0527,8.2990601092311,-0.9308,366.34625,1254.0902,339.99071000000004,1.4960405,0.2772241,0.21841992,1.6036625
509,2274,142.0527,8.2990601092311,-0.9308,366.11421,1254.181,339.98122,1.4926492,0.27726452,0.21839081,1.6001941000000002
510,2275,142.0527,8.2990601092311,-0.9308,365.873,1254.1977,339.97181,1.4891216999999999,0.27727191,0.21836197,1.596539
511,2276,142.0527,8.2990601092311,-0.9308,365.63806,1254.1809,339.96249,1.4856837,0.27726446,0.21833339,1.5929513000000002
512,2277,142.0527,8.2990601092311,-0.9308,365.41713,1254.1596,339.95326,1.4824487,0.27725498,0.21830507,1.5895647
513,2278,142.0527,8.2990601092311,-0.9308,365.21098,1254.1576,339.94411,1.4794283000000001,0.27725408,0.21827701,1.5864076
514,2279,142.0527,8.2990601092311,-0.9308,365.01757000000003,1254.2005,339.93504,1.476593,0.27727318,0.2182492,1.5834687
515,2280,142.0527,8.2990601092311,-0.9308,364.82921,1254.2874,339.92606,1.4738303,0.27731182,0.21822165,1.5806346000000002
516,2281,142.0527,8.2990601092311,-0.9308,364.63698999999997,1254.3991,339.91716,1.4710094999999999,0.27736151,0.21819435,1.5777615
517,2282,142.0527,8.2990601092311,-0.9308,364.4371,1254.5239,339.90834,1.4680745000000002,0.27741704,0.21816729,1.5747848999999998
518,2283,142.0527,8.2990601092311,-0.9308,364.22954,1254.6571,339.8996,1.4650253,0.27747629,0.21814048,1.5717014999999999
519,2284,142.0527,8.2990601092311,-0.9308,364.01526,1254.7944,339.89094,1.4618754999999999,0.27753737,0.21811392,1.568522
520,2285,142.0527,8.2990601092311,-0.9308,363.78896000000003,1254.8844,339.88235,1.458547,0.2775774,0.21808759,1.565132
521,2286,142.0527,8.2990601092311,-0.9308,363.5536,1254.9002,339.87385,1.455083,0.27758442,0.2180615,1.5615558
522,2287,142.0527,8.2990601092311,-0.9308,363.32451000000003,1254.8826,339.86542000000003,1.4517091999999998,0.27757661,0.21803566,1.5580476
523,2288,142.0527,8.2990601092311,-0.9308,363.10935,1254.8605,339.85707,1.4485385,0.27756676,0.21801004,1.5547406000000001
524,2289,142.0527,8.2990601092311,-0.9308,362.90884,1254.8577,339.8488,1.4455821000000002,0.2775655,0.21798466,1.5516625
525,2290,142.0527,8.2990601092311,-0.9308,362.72091,1254.8998,339.8406,1.4428098,0.27758422,0.21795951,1.5488013
526,2291,142.0527,8.2990601092311,-0.9308,362.53791,1254.9858,339.83247,1.4401088,0.27762249,0.21793459,1.5460435
527,2292,142.0527,8.2990601092311,-0.9308,362.35098999999997,1255.0966,339.82442000000003,1.4373483999999999,0.27767179,0.21790989,1.5432451999999999
528,2293,142.0527,8.2990601092311,-0.9308,362.15637000000004,1255.2207,339.81645,1.4344728,0.27772695,0.21788542,1.5403421999999998
529,2294,142.0527,8.2990601092311,-0.9308,361.95408,1255.3531,339.80854,1.4314823,0.27778582,0.21786117,1.5373316000000001
530,2295,142.0527,8.2990601092311,-0.9308,361.74508,1255.4896,339.80071,1.4283908,0.27784654,0.21783715,1.5342242
531,2296,142.0527,8.2990601092311,-0.9308,361.52412999999996,1255.5788,339.79295,1.4251205,0.2778862,0.21781334,1.5309063
532,2297,142.0527,8.2990601092311,-0.9308,361.29422999999997,1255.5938,339.78526,1.4217157,0.27789288,0.21778974,1.5274028999999998
533,2298,142.0527,8.2990601092311,-0.9308,361.0706,1255.5755,339.77763999999996,1.4184018,0.27788473,0.21776636,1.5239681
534,2299,142.0527,8.2990601092311,-0.9308,360.86082999999996,1255.5526,339.77008,1.4152912,0.27787455,0.2177432,1.5207346000000002
535,2300,142.0527,8.2990601092311,-0.9308,360.66558,1255.549,339.7626,1.4123946000000003,0.27787295,0.21772024,1.5177296
536,2301,142.0527,8.2990601092311,-0.9308,360.48278,1255.5903,339.75518999999997,1.4096811000000002,0.27789133,0.21769749,1.5149402
537,2302,142.0527,8.2990601092311,-0.9308,360.30478999999997,1255.6756,339.74784,1.4070376,0.27792924,0.21767495,1.5122528
538,2303,142.0527,8.2990601092311,-0.9308,360.12281,1255.7857,339.74056,1.4043336000000002,0.27797819,0.21765262,1.5095235
539,2304,142.0527,8.2990601092311,-0.9308,359.93311,1255.909,339.73334,1.4015133999999998,0.278033,0.21763048,1.5066883999999998
540,2305,142.0527,8.2990601092311,-0.9308,359.73573999999996,1256.0406,339.7262,1.3985776,0.27809153,0.21760855,1.503745
541,2306,142.0527,8.2990601092311,-0.9308,359.53167,1256.1765,339.71911,1.3955403999999998,0.27815191,0.21758682,1.5007042
542,2307,142.0527,8.2990601092311,-0.9308,359.31573,1256.2649,339.71209,1.3923246999999999,0.27819124,0.21756529,1.4974530000000001
543,2308,142.0527,8.2990601092311,-0.9308,359.09095,1256.2792,339.70514,1.3889752,0.2781976,0.21754395,1.494017
544,2309,142.0527,8.2990601092311,-0.9308,358.87244,1256.2602,339.69825,1.3857173,0.27818914,0.2175228,1.4906502000000001
545,2310,142.0527,8.2990601092311,-0.9308,358.66772000000003,1256.2366,339.69142,1.3826631999999999,0.27817865,0.21750185,1.4874848999999999
546,2311,142.0527,8.2990601092311,-0.9308,358.47742,1256.2323,339.68465,1.3798226,0.27817674,0.21748109,1.4845476
547,2312,142.0527,8.2990601092311,-0.9308,358.29942,1256.2729,339.67794,1.3771642,0.2781948,0.21746051,1.4818249
548,2313,142.0527,8.2990601092311,-0.9308,358.12611,1256.3575,339.6713,1.3745746,0.27823238,0.21744012,1.4792027
549,2314,142.0527,8.2990601092311,-0.9308,357.94876,1256.4669,339.66472000000005,1.3719233,0.278281,0.21741992,1.4765374
550,2315,142.0527,8.2990601092311,-0.9308,357.76367,1256.5895,339.65819,1.3691551000000002,0.27833549,0.21739991,1.4737653999999998
551,2316,142.0527,8.2990601092311,-0.9308,357.57092,1256.7204,339.65173,1.3662706,0.27839369,0.21738007,1.4708842
552,2317,142.0527,8.2990601092311,-0.9308,357.37147999999996,1256.8556,339.64532,1.3632843000000001,0.27845376,0.21736041,1.4679052
553,2318,142.0527,8.2990601092311,-0.9308,357.16025,1256.9434,339.63897000000003,1.3601197,0.27849278,0.21734094,1.4647157
554,2319,142.0527,8.2990601092311,-0.9308,356.94027,1256.957,339.63268,1.3568221,0.27849884,0.21732164,1.4613423
555,2320,142.0527,8.2990601092311,-0.9308,356.72659,1256.9373,339.62645,1.353617,0.2784901,0.21730251,1.4580389
556,2321,142.0527,8.2990601092311,-0.9308,356.52662000000004,1256.9131,339.62028,1.3506158000000001,0.27847932,0.21728356,1.4549370000000001
557,2322,142.0527,8.2990601092311,-0.9308,356.34097,1256.9081,339.61416,1.347828,0.27847711,0.21726478,1.4520628
558,2323,142.0527,8.2990601092311,-0.9308,356.16747999999995,1256.9481,339.60809,1.3452215,0.27849487,0.21724617,1.4494021000000001
559,2324,142.0527,8.2990601092311,-0.9308,355.99857000000003,1257.032,339.60208,1.3426826,0.27853215,0.21722774,1.4468406999999999
560,2325,142.0527,8.2990601092311,-0.9308,355.82557,1257.1407,339.59612999999996,1.3400809,0.27858046,0.21720946,1.4442348999999999
561,2326,142.0527,8.2990601092311,-0.9308,355.64482000000004,1257.2626,339.59022999999996,1.3373614,0.27863465,0.21719136,1.4415214
562,2327,142.0527,8.2990601092311,-0.9308,355.45642000000004,1257.393,339.58437999999995,1.3345251,0.27869255,0.21717342,1.4386981
563,2328,142.0527,8.2990601092311,-0.9308,355.26133,1257.5275,339.57858999999996,1.3315866000000003,0.27875232,0.21715564,1.4357765
564,2329,142.0527,8.2990601092311,-0.9308,355.05453,1257.6147,339.57285,1.3284701,0.27879106,0.21713803,1.4326447
565,2330,142.0527,8.2990601092311,-0.9308,354.8391,1257.6277,339.56716,1.3252215,0.27879684,0.21712057,1.4293296
566,2331,142.0527,8.2990601092311,-0.9308,354.62997,1257.6074,339.56152000000003,1.322066,0.27878783,0.21710327,1.4260853
567,2332,142.0527,8.2990601092311,-0.9308,354.43449,1257.5825,339.55593999999996,1.319115,0.27877678,0.21708613,1.4230426999999999
568,2333,142.0527,8.2990601092311,-0.9308,354.25322,1257.577,339.5504,1.3163768999999998,0.2787743,0.21706915,1.4202274
569,2334,142.0527,8.2990601092311,-0.9308,354.08399,1257.6163,339.54492,1.3138193999999999,0.27879178,0.21705232,1.4176247
570,2335,142.0527,8.2990601092311,-0.9308,353.91922999999997,1257.6996,339.53949,1.3113283000000002,0.27882878,0.21703564,1.4151200000000002
571,2336,142.0527,8.2990601092311,-0.9308,353.75032999999996,1257.8077,339.5341,1.3087733,0.2788768,0.21701912,1.4125697
572,2337,142.0527,8.2990601092311,-0.9308,353.57367,1257.929,339.52877,1.3060996999999999,0.2789307,0.21700274,1.4099108999999999
573,2338,142.0527,8.2990601092311,-0.9308,353.38936,1258.0587,339.52348,1.3033089,0.27898832,0.21698652,1.4071416
574,2339,142.0527,8.2990601092311,-0.9308,353.19838,1258.1927,339.51824,1.3004155000000002,0.27904781,0.21697044,1.4042736
575,2340,142.0527,8.2990601092311,-0.9308,352.99577999999997,1258.2793,339.51305,1.2973443,0.27908628,0.21695451,1.4011955
576,2341,142.0527,8.2990601092311,-0.9308,352.78463999999997,1258.2917,339.5079,1.2941419,0.2790918,0.21693872,1.397935
577,2342,142.0527,8.2990601092311,-0.9308,352.57981,1258.2709,339.50281,1.2910335,0.27908254,0.21692308,1.3947459999999998
578,2343,142.0527,8.2990601092311,-0.9308,352.38858999999997,1258.2454,339.49776,1.2881298,0.27907124,0.21690757,1.3917591
579,2344,142.0527,8.2990601092311,-0.9308,352.21147,1258.2393,339.49275,1.285439,0.2790685,0.21689221,1.3889989999999999
580,2345,142.0527,8.2990601092311,-0.9308,352.04626,1258.278,339.48779,1.2829277000000001,0.27908572,0.21687699,1.3864506
581,2346,142.0527,8.2990601092311,-0.9308,351.88542,1258.3607,339.48287999999997,1.2804818,0.27912245,0.21686191,1.383999
582,2347,142.0527,8.2990601092311,-0.9308,351.72039,1258.4682,339.47801,1.277971,0.2791702,0.21684696,1.3815006
583,2348,142.0527,8.2990601092311,-0.9308,351.5476,1258.589,339.47317999999996,1.2753409,0.27922383,0.21683216,1.3788928999999999
584,2349,142.0527,8.2990601092311,-0.9308,351.36717000000004,1258.7181,339.4684,1.272593,0.27928119,0.21681748,1.3761741000000003
585,2350,142.0527,8.2990601092311,-0.9308,351.18007,1258.8515,339.46366,1.2697421999999998,0.27934042,0.21680294,1.3733562
586,2351,142.0527,8.2990601092311,-0.9308,350.98143999999996,1258.9376,339.45897,1.2667138999999998,0.27937863,0.21678853,1.3703285
587,2352,142.0527,8.2990601092311,-0.9308,350.77437000000003,1258.9495,339.45432,1.2635551999999999,0.27938391,0.21677425,1.3671191999999999
588,2353,142.0527,8.2990601092311,-0.9308,350.57364,1258.9281,339.44971,1.2604913999999998,0.27937441,0.2167601,1.3639821
589,2354,142.0527,8.2990601092311,-0.9308,350.38645,1258.9021,339.44514,1.2576326999999998,0.27936288,0.21674608,1.3610474
590,2355,142.0527,8.2990601092311,-0.9308,350.21326,1258.8954,339.44061,1.2549866000000003,0.27935989,0.21673219,1.3583392
591,2356,142.0527,8.2990601092311,-0.9308,350.05186000000003,1258.9336,339.43613,1.2525193000000001,0.27937687,0.21671842,1.3558419
592,2357,142.0527,8.2990601092311,-0.9308,349.89473,1259.0158,339.43168,1.2501163,0.27941334,0.21670478,1.3534401000000003
593,2358,142.0527,8.2990601092311,-0.9308,349.73337999999995,1259.1227,339.42728,1.2476473999999997,0.27946083,0.21669127,1.3509904
594,2359,142.0527,8.2990601092311,-0.9308,349.56425,1259.2429,339.42292000000003,1.2450583,0.27951421,0.21667787,1.3484307
595,2360,142.0527,8.2990601092311,-0.9308,349.38748,1259.3716,339.41859,1.2423511,0.27957132,0.2166646,1.3457593
596,2361,142.0527,8.2990601092311,-0.9308,349.20408,1259.5045,339.41431,1.2395406,0.27963031,0.21665145,1.3429883999999999
597,2362,142.0527,8.2990601092311,-0.9308,349.00921,1259.59,339.41006,1.236553,0.27966828,0.21663842,1.3400079
598,2363,142.0527,8.2990601092311,-0.9308,348.80602000000005,1259.6014,339.40585,1.2334359,0.27967333,0.2166255,1.3368468
599,2364,142.0527,8.2990601092311,-0.9308,348.60917,1259.5795,339.40169,1.2304145,0.27966361,0.21661271,1.3337586000000001
600,2365,142.0527,8.2990601092311,-0.9308,348.42581,1259.553,339.39755,1.2275986,0.27965185,0.21660003,1.3308731000000003
601,2366,142.0527,8.2990601092311,-0.9308,348.25637,1259.5458,339.39346,1.224995,0.27964864,0.21658746,1.3282139
602,2367,142.0527,8.2990601092311,-0.9308,348.09859,1259.5835,339.38941,1.2225694999999999,0.27966538,0.21657501,1.3257646
603,2368,142.0527,8.2990601092311,-0.9308,347.94498,1259.6651,339.38539,1.2202072,0.2797016,0.21656267,1.3234097
604,2369,142.0527,8.2990601092311,-0.9308,347.78711,1259.7715,339.3814,1.217778,0.27974886,0.21655045,1.3210058999999998
605,2370,142.0527,8.2990601092311,-0.9308,347.62145,1259.8912,339.37746,1.215228,0.27980199,0.21653834,1.3184912
606,2371,142.0527,8.2990601092311,-0.9308,347.44817,1260.0194,339.37355,1.2125593000000001,0.27985887,0.21652633,1.3158644
607,2372,142.0527,8.2990601092311,-0.9308,347.26827000000003,1260.1518,339.36967000000004,1.2097871999999998,0.27991763,0.21651444,1.3131377
608,2373,142.0527,8.2990601092311,-0.9308,347.07698999999997,1260.2368,339.36582999999996,1.2068382,0.27995537,0.21650265,1.3102018
609,2374,142.0527,8.2990601092311,-0.9308,346.87748999999997,1260.2477,339.36203,1.2037607,0.27996021,0.21649097,1.307086
610,2375,142.0527,8.2990601092311,-0.9308,346.68435,1260.2253,339.35826000000003,1.2007796,0.27995027,0.2164794,1.304044
611,2376,142.0527,8.2990601092311,-0.9308,346.50464,1260.1984,339.35452000000004,1.1980045,0.27993831,0.21646793,1.301205
612,2377,142.0527,8.2990601092311,-0.9308,346.33875,1260.1906,339.35082,1.1954415,0.27993488,0.21645657,1.298592
613,2378,142.0527,8.2990601092311,-0.9308,346.18441,1260.2279,339.34715,1.1930558,0.27995139,0.21644531,1.296188
614,2379,142.0527,8.2990601092311,-0.9308,346.03416,1260.309,339.34352,1.1907322,0.27998739,0.21643415,1.2938774
615,2380,142.0527,8.2990601092311,-0.9308,345.8796,1260.4149,339.33992,1.1883409,0.28003442,0.21642309,1.2915168
616,2381,142.0527,8.2990601092311,-0.9308,345.71725,1260.5342,339.33635,1.185828,0.28008732,0.21641214,1.2890446000000002
617,2382,142.0527,8.2990601092311,-0.9308,345.54729,1260.6618,339.33281,1.183196,0.28014397,0.21640128,1.2864598
618,2383,142.0527,8.2990601092311,-0.9308,345.37072,1260.7938,339.32931,1.1804603999999999,0.28020251,0.21639052,1.2837749
619,2384,142.0527,8.2990601092311,-0.9308,345.18286,1260.8784,339.32583,1.1775481,0.28024004,0.21637986,1.2808808999999999
620,2385,142.0527,8.2990601092311,-0.9308,344.98687,1260.8888,339.32239,1.1745083,0.28024467,0.2163693,1.277808
621,2386,142.0527,8.2990601092311,-0.9308,344.79727,1260.866,339.31897999999995,1.1715658000000002,0.28023455,0.21635883,1.2748097
622,2387,142.0527,8.2990601092311,-0.9308,344.62105,1260.8385,339.31561,1.1688296,0.28022238,0.21634846,1.2720147
623,2388,142.0527,8.2990601092311,-0.9308,344.45856000000003,1260.8303,339.31226000000004,1.1663054,0.28021874,0.21633819,1.2694454
624,2389,142.0527,8.2990601092311,-0.9308,344.3075,1260.8671,339.30894,1.1639576,0.28023504,0.216328,1.2670845
625,2390,142.0527,8.2990601092311,-0.9308,344.16044,1260.9477,339.30565,1.161671,0.28027083,0.21631791,1.2648157
626,2391,142.0527,8.2990601092311,-0.9308,344.00903,1261.0532,339.3024,1.1593156999999998,0.28031763,0.21630791,1.2624959999999998
627,2392,142.0527,8.2990601092311,-0.9308,343.84983,1261.172,339.29917,1.1568383,0.28037032,0.216298,1.2600639
628,2393,142.0527,8.2990601092311,-0.9308,343.68304,1261.2992,339.29597,1.1542412,0.28042676,0.21628819,1.2575188
629,2394,142.0527,8.2990601092311,-0.9308,343.50965,1261.4307,339.2928,1.1515403,0.2804851,0.21627846,1.2548733
630,2395,142.0527,8.2990601092311,-0.9308,343.32505,1261.5149,339.28966,1.1486631999999999,0.28052242,0.21626882,1.252019
631,2396,142.0527,8.2990601092311,-0.9308,343.13243,1261.5249,339.28655,1.1456593000000002,0.28052686,0.21625926,1.2489867000000001
632,2397,142.0527,8.2990601092311,-0.9308,342.9462,1261.5016,339.28347,1.1427537,0.28051654,0.2162498,1.2460298
633,2398,142.0527,8.2990601092311,-0.9308,342.77331000000004,1261.4738,339.28041,1.1400546999999999,0.28050418,0.21624042,1.2432766000000002
634,2399,142.0527,8.2990601092311,-0.9308,342.61407,1261.4651,339.27738,1.1375676000000001,0.28050035,0.21623112,1.2407488000000002
635,2400,142.0527,8.2990601092311,-0.9308,342.46614,1261.5014,339.27438,1.1352562,0.28051645,0.21622191,1.2384286
636,2401,142.0527,8.2990601092311,-0.9308,342.32212999999996,1261.5816,339.27141,1.1330049,0.28055203,0.21621279,1.2361993999999998
637,2402,142.0527,8.2990601092311,-0.9308,342.17373,1261.6867,339.26847000000004,1.1306841,0.28059863,0.21620374,1.2339185
638,2403,142.0527,8.2990601092311,-0.9308,342.01754,1261.805,339.26555,1.1282404,0.28065111,0.21619478,1.2315243999999999
639,2404,142.0527,8.2990601092311,-0.9308,341.85376,1261.9318,339.26265,1.1256767,0.28070735,0.2161859,1.2290168
640,2405,142.0527,8.2990601092311,-0.9308,341.68342,1262.0629,339.25979,1.123009,0.28076548,0.2161771,1.2264086
641,2406,142.0527,8.2990601092311,-0.9308,341.50194,1262.1467,339.25695,1.1201653,0.28080262,0.21616838,1.223592
642,2407,142.0527,8.2990601092311,-0.9308,341.31253,1262.1563,339.25413,1.1171958999999998,0.28080687,0.21615975,1.2205983
643,2408,142.0527,8.2990601092311,-0.9308,341.12955,1262.1326,339.25135,1.1143256000000001,0.28079638,0.21615118,1.2176806999999998
644,2409,142.0527,8.2990601092311,-0.9308,340.95985,1262.1043,339.24858,1.1116624,0.28078383,0.2161427,1.2149671999999998
645,2410,142.0527,8.2990601092311,-0.9308,340.80371,1262.0953,339.24584,1.1092107,0.28077982,0.21613429,1.212479
646,2411,142.0527,8.2990601092311,-0.9308,340.65878,1262.1311,339.24313,1.1069342,0.28079573,0.21612597,1.2101973999999998
647,2412,142.0527,8.2990601092311,-0.9308,340.51768,1262.2109,339.24044,1.1047167,0.28083111,0.21611771,1.208006
648,2413,142.0527,8.2990601092311,-0.9308,340.37215,1262.3155,339.23778,1.1024288,0.28087751,0.21610953,1.2057617
649,2414,142.0527,8.2990601092311,-0.9308,340.21884,1262.4335,339.23514,1.1000173999999998,0.28092979,0.21610143,1.2034037
650,2415,142.0527,8.2990601092311,-0.9308,340.05795,1262.5599,339.23252,1.0974856000000002,0.28098584,0.2160934,1.2009318000000002
651,2416,142.0527,8.2990601092311,-0.9308,339.89052000000004,1262.6906,339.22992999999997,1.0948496,0.28104379,0.21608544,1.198359
652,2417,142.0527,8.2990601092311,-0.9308,339.71202999999997,1262.7739,339.22736000000003,1.0920381000000001,0.28108074,0.21607756,1.1955781
653,2418,142.0527,8.2990601092311,-0.9308,339.52571,1262.7831,339.22482,1.0891017,0.28108481,0.21606974,1.192621
654,2419,142.0527,8.2990601092311,-0.9308,339.34583,1262.7591,339.2223,1.0862652,0.28107415,0.216062,1.1897408999999999
655,2420,142.0527,8.2990601092311,-0.9308,339.17919,1262.7304,339.2198,1.0836362,0.28106143,0.21605433,1.1870653
656,2421,142.0527,8.2990601092311,-0.9308,339.02602,1262.7209,339.21732000000003,1.0812187,0.28105724,0.21604672,1.1846146999999998
657,2422,142.0527,8.2990601092311,-0.9308,338.88397000000003,1262.7564,339.21487,1.0789756000000001,0.28107297,0.21603919,1.1823700000000001
658,2423,142.0527,8.2990601092311,-0.9308,338.74565,1262.8358,339.21244,1.0767905,0.28110816,0.21603173,1.1802143999999999
659,2424,142.0527,8.2990601092311,-0.9308,338.60287999999997,1262.94,339.21002999999996,1.0745341,0.28115437,0.21602433,1.1780051
660,2425,142.0527,8.2990601092311,-0.9308,338.45232000000004,1263.0575,339.20763999999997,1.0721536,0.28120647,0.216017,1.1756813
661,2426,142.0527,8.2990601092311,-0.9308,338.2942,1263.1836,339.20527999999996,1.0696525,0.28126233,0.21600974,1.1732433
662,2427,142.0527,8.2990601092311,-0.9308,338.12955,1263.3139,339.20293,1.0670468000000002,0.2813201,0.21600254,1.1707041
663,2428,142.0527,8.2990601092311,-0.9308,337.95392000000004,1263.3969,339.20061,1.064266,0.28135687,0.21599541,1.1679572
664,2429,142.0527,8.2990601092311,-0.9308,337.77057,1263.4057,339.19831,1.0613613000000002,0.28136078,0.21598834,1.1650351
665,2430,142.0527,8.2990601092311,-0.9308,337.59367000000003,1263.3813,339.19603,1.0585573999999998,0.28134995,0.21598134,1.1621907
666,2431,142.0527,8.2990601092311,-0.9308,337.42997,1263.3522,339.19377000000003,1.0559614,0.28133707,0.2159744,1.1595512
667,2432,142.0527,8.2990601092311,-0.9308,337.27966000000004,1263.3424,339.19153,1.0535767,0.28133271,0.21596753,1.1571366
668,2433,142.0527,8.2990601092311,-0.9308,337.14036,1263.3774,339.18931000000003,1.0513656,0.28134826,0.21596071,1.1549271
669,2434,142.0527,8.2990601092311,-0.9308,337.00472,1263.4564,339.18711,1.0492117,0.28138327,0.21595396,1.1528056
670,2435,142.0527,8.2990601092311,-0.9308,336.86458,1263.5603,339.18493,1.0469856,0.2814293,0.21594727,1.1506296
671,2436,142.0527,8.2990601092311,-0.9308,336.71666,1263.6774,339.18277,1.0446348,0.28148122,0.21594065,1.1483385
672,2437,142.0527,8.2990601092311,-0.9308,336.5612,1263.8031,339.18064,1.0421629000000001,0.28153691,0.21593408,1.1459327
673,2438,142.0527,8.2990601092311,-0.9308,336.39922,1263.9331,339.17852,1.0395864,0.2815945,0.21592757,1.1434256
674,2439,142.0527,8.2990601092311,-0.9308,336.22635,1264.0157,339.17642,1.0368351,0.28163111,0.21592112,1.1407111
675,2440,142.0527,8.2990601092311,-0.9308,336.04585,1264.0241,339.17433,1.0339609,0.28163486,0.21591473,1.1378223
676,2441,142.0527,8.2990601092311,-0.9308,335.87182,1263.9994,339.17227,1.0311883,0.28162388,0.2159084,1.1350122
677,2442,142.0527,8.2990601092311,-0.9308,335.71094,1263.9699,339.17023,1.028624,0.28161084,0.21590212,1.1324073000000001
678,2443,142.0527,8.2990601092311,-0.9308,335.56338,1263.9597,339.1682,1.0262709,0.28160631,0.2158959,1.1300270000000001
679,2444,142.0527,8.2990601092311,-0.9308,335.42672000000005,1263.9944,339.1662,1.0240907,0.2816217,0.21588974,1.1278511
680,2445,142.0527,8.2990601092311,-0.9308,335.29364,1264.0731,339.16421,1.0219667,0.28165653,0.21588364,1.1257622999999999
681,2446,142.0527,8.2990601092311,-0.9308,335.15604,1264.1765,339.16224,1.0197697000000001,0.28170238,0.21587759,1.123618
682,2447,142.0527,8.2990601092311,-0.9308,335.01065,1264.2933,339.16029,1.0174474,0.28175413,0.21587159,1.1213581
683,2448,142.0527,8.2990601092311,-0.9308,334.85773,1264.4187,339.15835,1.0150037,0.28180965,0.21586565,1.118983
684,2449,142.0527,8.2990601092311,-0.9308,334.69833,1264.5483,339.15643,1.0124551,0.28186708,0.21585976,1.1165065
685,2450,142.0527,8.2990601092311,-0.9308,334.52811,1264.6306,339.15452999999997,1.0097322,0.28190353,0.21585393,1.113823
686,2451,142.0527,8.2990601092311,-0.9308,334.35035,1264.6387,339.15265,1.0068873,0.28190713,0.21584815,1.1109661
687,2452,142.0527,8.2990601092311,-0.9308,334.17908,1264.6136,339.15079,1.0041449,0.281896,0.21584242,1.1081887
688,2453,142.0527,8.2990601092311,-0.9308,334.02092000000005,1264.5838,339.14894,1.0016112,0.28188281,0.21583675,1.1056169
689,2454,142.0527,8.2990601092311,-0.9308,333.876,1264.5732,339.14711,0.99928854,0.28187813,0.21583113,1.1032696000000002
690,2455,142.0527,8.2990601092311,-0.9308,333.74189,1264.6076,339.14529,0.99713812,0.28189335,0.21582555,1.1011258999999998
691,2456,142.0527,8.2990601092311,-0.9308,333.61127,1264.6858,339.14349,0.99504294,0.28192802,0.21582003,1.0990683
692,2457,142.0527,8.2990601092311,-0.9308,333.4761,1264.789,339.14171,0.99287386,0.2819737,0.21581456,1.0969544
693,2458,142.0527,8.2990601092311,-0.9308,333.33315,1264.9054,339.13995,0.99057897,0.28202529,0.21580914,1.0947242
694,2459,142.0527,8.2990601092311,-0.9308,333.18269,1265.0304,339.1382,0.98816236,0.28208065,0.21580377,1.0923786
695,2460,142.0527,8.2990601092311,-0.9308,333.02576,1265.1597,339.13646,0.98564073,0.28213792,0.21579844,1.0899313
696,2461,142.0527,8.2990601092311,-0.9308,332.85808,1265.2417,339.13475,0.98294513,0.28217421,0.21579317,1.0872773999999998
697,2462,142.0527,8.2990601092311,-0.9308,332.68296000000004,1265.2495,339.13304,0.9801285,0.28217766,0.21578794,1.084451
698,2463,142.0527,8.2990601092311,-0.9308,332.51436,1265.224,339.13136000000003,0.97741526,0.28216639,0.21578276,1.0817051000000002
699,2464,142.0527,8.2990601092311,-0.9308,332.35882999999995,1265.1939,339.12969,0.97491111,0.28215306,0.21577763,1.079165
700,2465,142.0527,8.2990601092311,-0.9308,332.21645,1265.183,339.12802999999997,0.97261781,0.28214823,0.21577254,1.0768493000000001
701,2466,142.0527,8.2990601092311,-0.9308,332.08479,1265.217,339.12639,0.9704961,0.28216329,0.2157675,1.0747366000000003
702,2467,142.0527,8.2990601092311,-0.9308,331.95654,1265.2949,339.12476000000004,0.9684287,0.2821978,0.21576251,1.0727089
703,2468,142.0527,8.2990601092311,-0.9308,331.82371,1265.3977,339.12315,0.96628657,0.28224332,0.21575756,1.070624
704,2469,142.0527,8.2990601092311,-0.9308,331.68311,1265.5138,339.12155,0.96401807,0.28229475,0.21575266,1.0684223
705,2470,142.0527,8.2990601092311,-0.9308,331.535,1265.6385,339.11997,0.96162753,0.28234995,0.2157478,1.0661048
706,2471,142.0527,8.2990601092311,-0.9308,331.38045,1265.7675,339.1184,0.95913183,0.28240708,0.21574299,1.0636856000000001
707,2472,142.0527,8.2990601092311,-0.9308,331.21522999999996,1265.8491,339.11685,0.95646255,0.28244322,0.21573822,1.0610600000000001
708,2473,142.0527,8.2990601092311,-0.9308,331.04267000000004,1265.8566,339.11531,0.95367322,0.28244653,0.21573349,1.058263
709,2474,142.0527,8.2990601092311,-0.9308,330.87664,1265.8309,339.11379,0.95098812,0.28243513,0.2157288,1.0555472
710,2475,142.0527,8.2990601092311,-0.9308,330.72364,1265.8004,339.11227,0.94851254,0.28242165,0.21572416,1.0530378
711,2476,142.0527,8.2990601092311,-0.9308,330.58372,1265.7892,339.11078,0.94624765,0.28241668,0.21571956,1.0507524
712,2477,142.0527,8.2990601092311,-0.9308,330.45441,1265.8229,339.10929,0.94415367,0.28243159,0.21571501,1.0486693
713,2478,142.0527,8.2990601092311,-0.9308,330.32845,1265.9005,339.10782,0.94211308,0.28246595,0.21571049,1.0466704
714,2479,142.0527,8.2990601092311,-0.9308,330.19788,1266.0029,339.10636,0.93999695,0.28251131,0.21570601,1.0446134
715,2480,142.0527,8.2990601092311,-0.9308,330.05953,1266.1187,339.10492,0.9377539,0.28256259,0.21570158,1.042439
716,2481,142.0527,8.2990601092311,-0.9308,329.9137,1266.2431,339.10348999999997,0.93538849,0.28261764,0.21569719,1.0401485000000001
717,2482,142.0527,8.2990601092311,-0.9308,329.76144,1266.3718,339.10207,0.93291779,0.28267462,0.21569283,1.0377561
718,2483,142.0527,8.2990601092311,-0.9308,329.5986,1266.4531,339.10067000000004,0.93027392,0.28271062,0.21568852,1.0351578000000001
719,2484,142.0527,8.2990601092311,-0.9308,329.4285,1266.4603,339.09927000000005,0.92751095,0.2827138,0.21568424,1.032389
720,2485,142.0527,8.2990601092311,-0.9308,329.26495,1266.4342,339.0979,0.92485309,0.28270226,0.21568001,1.0297022
721,2486,142.0527,8.2990601092311,-0.9308,329.11439,1266.4035,339.09653,0.92240515,0.28268866,0.21567581,1.0272222
722,2487,142.0527,8.2990601092311,-0.9308,328.97684,1266.3919,339.09517,0.92016776,0.28268354,0.21567165,1.0249661
723,2488,142.0527,8.2990601092311,-0.9308,328.84981,1266.4253,339.09382999999997,0.9181006,0.28269831,0.21566753,1.0229116
724,2489,142.0527,8.2990601092311,-0.9308,328.72606,1266.5026,339.0925,0.91608591,0.28273252,0.21566344,1.0209402
725,2490,142.0527,8.2990601092311,-0.9308,328.59766,1266.6047,339.09118,0.91399488,0.28277773,0.2156594,1.01891
726,2491,142.0527,8.2990601092311,-0.9308,328.46148999999997,1266.7202,339.08988,0.9117764,0.28282886,0.21565539,1.0167619
727,2492,142.0527,8.2990601092311,-0.9308,328.31785,1266.8443,339.08858,0.90943526,0.28288377,0.21565141,1.0144973
728,2493,142.0527,8.2990601092311,-0.9308,328.16781000000003,1266.9727,339.0873,0.90698869,0.28294061,0.21564747,1.0121306
729,2494,142.0527,8.2990601092311,-0.9308,328.00726000000003,1267.0538,339.08603,0.90436936,0.28297648,0.21564357,1.0095584999999998
730,2495,142.0527,8.2990601092311,-0.9308,327.83954,1267.0607,339.08477,0.90163191,0.28297952,0.21563971,1.0068168
731,2496,142.0527,8.2990601092311,-0.9308,327.6784,1267.0343,339.08352,0.89900043,0.28296786,0.21563587,1.0041581
732,2497,142.0527,8.2990601092311,-0.9308,327.53021,1267.0033,339.08229,0.89657927,0.28295412,0.21563208,1.0017064
733,2498,142.0527,8.2990601092311,-0.9308,327.39495,1266.9914,339.08106000000004,0.89436851,0.28294887,0.21562832,0.99947854
734,2499,142.0527,8.2990601092311,-0.9308,327.27012,1267.0245,339.07985,0.89232733,0.2829635,0.21562459,0.99745153
735,2500,142.0527,8.2990601092311,-0.9308,327.2098,1267.0549,339.07925,0.8913408,0.28297698,0.21562273,0.9964818
